fdc_id,name,category,data_type,kcal,protein_g,carb_g,fat_g,fiber_g
11800020,Special k cereal oats & honey,Turkish Branded,off_turkey,357.1,7.1,85.7,2.4,
12256300,Smooth Organic Peanut Butter Unsalted,Turkish Branded,off_turkey,610.0,22.8,14.8,49.1,8.6
12900005,Sprite,Turkish Branded,off_turkey,9.2,0.0,,0.0,
15046200,Swedish Fish and Friends Chewy Candy,Turkish Branded,off_turkey,366.7,0.0,90.0,0.0,0.0
15622300,TOBLERONE,Turkish Branded,off_turkey,535.0,5.6,60.5,29.5,2.2
68114387,Parçacıklı Yer Fıstığı Ezmesi,Turkish Branded,off_turkey,554.0,29.0,33.0,34.3,6.2
70825051,The Super Greens Veggie Burger,Turkish Branded,off_turkey,154.9,9.9,9.9,8.5,2.8
77545712,Yer Fıstığı Ezmesi (Parçacıklı),Turkish Branded,off_turkey,612.0,26.6,16.6,47.5,6.0
77705814,Dolmas,Turkish Branded,off_turkey,158.0,2.4,19.0,7.5,3.1
89015548,Dubai chocolate bars,Turkish Branded,off_turkey,500.0,6.7,50.0,40.0,3.3
19103107,Noutos Fırınlanmış Nohut Cipsi (Chili),Turkish Branded,off_turkey,459.0,16.0,49.0,20.0,7.8
158014480,Meyvelim greyfurt suyu,Turkish Branded,off_turkey,43.0,0.0,11.0,0.0,
158014480,ULUDAĞ LİMONATA 1L,Turkish Branded,off_turkey,53.0,0.0,13.0,0.0,
158014480,Uludağ furutti extra armutlu,Turkish Branded,off_turkey,43.0,0.0,11.0,0.0,
24920958,Quark,Turkish Branded,off_turkey,90.0,8.0,12.5,1.2,
208000002,Canga,Turkish Branded,off_turkey,534.4,10.3,54.9,30.4,
208000011,dried apricot,Turkish Branded,off_turkey,241.0,3.4,63.0,0.0,7.0
208111142,Bolonez Soslu Tahıllı Penne,Turkish Branded,off_turkey,131.0,6.7,17.2,3.9,
259237017,Baharat Çeşnili Patates Cipsi,Turkish Branded,off_turkey,517.0,5.6,58.8,29.8,4.7
259792700,Glutensiz Yaban mersini & Mango Granola,Turkish Branded,off_turkey,438.0,10.7,57.3,17.1,5.9
291156801,Tabaklı Piliç Bonfile,Turkish Branded,off_turkey,170.0,19.5,0.0,10.2,0.0
323869778,Moutarde de Dijon - French Mustard - Petits Gourmets,Turkish Branded,off_turkey,158.0,8.0,5.2,11.3,
333622744,Biscuits riches en vitamines,Turkish Branded,off_turkey,468.0,6.6,69.0,18.0,2.2
333622744,Biscuits aux pépites de chocolat riches en vitamines,Turkish Branded,off_turkey,470.0,6.6,69.0,18.0,3.2
355020101,Caramels tendres au sel de Guerande,Turkish Branded,off_turkey,403.0,1.9,76.0,10.0,0.0
365890100,eda rindwurst,Turkish Branded,off_turkey,305.0,12.7,0.4,27.5,2.7
368307709,Harras Pesto Sos Çeşnili Patates Cips,Turkish Branded,off_turkey,501.0,7.1,59.2,32.0,4.5
384007715,Kadaif 500 GR S. V. X 20 Arev,Turkish Branded,off_turkey,283.0,5.7,49.3,6.1,4.0
388023123,fromage blanc de brebis en saumure,Turkish Branded,off_turkey,272.0,14.0,,24.0,
408017740,Capri-Sun Safari Fruits,Turkish Branded,off_turkey,43.0,0.5,10.0,0.5,
408041500,Schogetten Ciocolată cu lapte cu bucățele de biscuiți cu ovăz,Turkish Branded,off_turkey,556.0,5.5,56.0,34.0,0.0
408041504,Schogetten Ciocolată cu lapte,Turkish Branded,off_turkey,556.6,5.4,55.0,35.0,0.0
408807774,Haselnuss,Turkish Branded,off_turkey,16.0,0.0,1.3,0.0,0.0
408840029,kinder pinguin,Turkish Branded,off_turkey,450.0,7.0,37.8,29.7,0.3
408840040,Nutella,Turkish Branded,off_turkey,533.3,6.3,57.5,30.9,
408840040,Nutella Nuss-Nugat-Creme,Turkish Branded,off_turkey,538.0,6.3,57.5,30.9,
409262541,Buğday unu,Turkish Branded,off_turkey,344.0,10.0,72.3,1.0,2.8
409440040,Toffifee 15er,Turkish Branded,off_turkey,521.0,6.0,58.9,29.0,0.0
411657790,"Weiße Bohnen, gekocht",Turkish Branded,off_turkey,92.0,6.2,12.0,0.6,6.9
414080030,Pepsi max rasberry,Turkish Branded,off_turkey,0.5,0.1,0.1,0.0,0.0
414644701,Immun smoothie,Turkish Branded,off_turkey,63.0,0.5,14.0,0.5,
418029002,Caffè Latte,Turkish Branded,off_turkey,72.0,2.8,8.9,2.6,
434006587,Maş fasulye/ Mung beans / Mungbohnen,Turkish Branded,off_turkey,325.0,24.0,46.3,1.2,16.3
434068415,Hiq Whey Protein,Turkish Branded,off_turkey,372.0,80.0,2.7,3.0,0.0
479008522,Mr.Brown vanilka,Turkish Branded,off_turkey,50.0,1.5,9.1,0.8,
508011266,Coca Cola,Turkish Branded,off_turkey,42.0,0.0,35.0,0.0,
508011266,Coca cola 200 ml,Turkish Branded,off_turkey,42.0,0.0,10.6,0.0,
508011266,Fanta,Turkish Branded,off_turkey,30.0,0.0,7.3,0.0,
508011266,Ice Blast,Turkish Branded,off_turkey,17.2,0.0,3.9,0.0,
508011266,Fuse tea mango,Turkish Branded,off_turkey,33.8,0.0,8.2,0.0,
508011266,Zero Sugar,Turkish Branded,off_turkey,0.5,0.0,0.0,0.0,
508011266,Coca Cola Zero Sugar,Turkish Branded,off_turkey,0.2,0.0,0.0,0.0,
508011266,Fanta 1lt,Turkish Branded,off_turkey,30.0,0.0,7.3,0.0,0.0
508011266,fuseTea Şeftali,Turkish Branded,off_turkey,19.9,0.0,4.7,0.0,
508011266,Fuse tea mango 1lt,Turkish Branded,off_turkey,34.0,0.0,8.2,0.0,
508011266,cappy vişne,Turkish Branded,off_turkey,47.4,0.0,11.4,0.0,0.0
508011267,Lemonade,Turkish Branded,off_turkey,55.4,0.0,13.4,0.0,
508015955,2 Snickers,Turkish Branded,off_turkey,490.0,8.7,60.0,23.0,
58099528,Altınbaşak  tahıl cipsi,Turkish Branded,off_turkey,445.0,8.2,60.0,18.0,6.2
58189052,Polo Original 34g,Turkish Branded,off_turkey,402.0,0.0,98.1,1.0,0.0
514101394,Mango Loco Energy Drink,Turkish Branded,off_turkey,34.0,0.0,8.6,0.0,
514101394,Monster ultra,Turkish Branded,off_turkey,0.2,0.0,0.0,0.0,
514101394,Monster the doctor energy drink,Turkish Branded,off_turkey,37.0,0.0,9.5,0.0,0.0
514101394,Monster ultra watermelon flavor energy drink,Turkish Branded,off_turkey,2.0,0.0,1.2,0.0,
514101396,Energy Drink,Turkish Branded,off_turkey,54.0,0.0,13.0,0.0,
536500420,Al-samir Melon Små Frö,Turkish Branded,off_turkey,300.0,10.0,29.0,16.0,19.0
548014127,Carottes râpées,Turkish Branded,off_turkey,32.0,0.5,5.0,0.5,
549118811,No Sugars Nutty Almond,Turkish Branded,off_turkey,15.0,0.5,0.0,1.2,0.3
552900000,Coke Original Taste,Turkish Branded,off_turkey,42.0,0.0,10.6,0.0,
552900000,Fanta 330 kutu,Turkish Branded,off_turkey,30.0,0.0,7.3,0.0,0.0
552900001,"Coca-Cola 2,5",Turkish Branded,off_turkey,42.0,0.0,10.6,0.0,0.0
552900003,Karisik meyve suyu,Turkish Branded,off_turkey,4.2,0.0,1.0,0.0,
552900004,Cappy karışık meyve,Turkish Branded,off_turkey,43.0,0.0,10.0,0.0,0.0
552900005,Cocacola original  500,Turkish Branded,off_turkey,42.0,0.0,10.6,0.0,0.0
552900008,Schweppes 1 lt mandalina,Turkish Branded,off_turkey,16.0,0.0,4.0,0.0,0.0
552900022,Coca 900ml,Turkish Branded,off_turkey,42.0,0.0,10.6,0.0,
578197530,Yoghurt hindbær,Turkish Branded,off_turkey,73.0,4.1,10.0,1.2,
598095131,Mars,Turkish Branded,off_turkey,443.0,4.5,70.0,16.0,0.0
598095131,Snickers,Turkish Branded,off_turkey,490.0,8.7,60.0,23.0,3.6
598095131,Twix Extra,Turkish Branded,off_turkey,493.0,4.6,65.0,24.0,
602166401,şeker ilavesiz tam buğday unlu bisküvi,Turkish Branded,off_turkey,456.0,7.1,58.0,21.0,5.2
621252938,Dattes,Turkish Branded,off_turkey,282.0,2.5,75.0,0.3,8.0
630301201,Drueblader/Grape Leaves,Turkish Branded,off_turkey,70.0,4.0,11.0,3.0,
670852711,%1.5 Yarım Yağlı Laktozsuz Süt,Turkish Branded,off_turkey,44.0,3.0,4.7,1.5,0.0
676349201,Hüüp Festival Elma Şeftali Kayısı Suyu,Turkish Branded,off_turkey,46.0,0.3,11.0,0.0,0.0
738040011,Sesam,Turkish Branded,off_turkey,400.0,13.0,63.0,9.5,6.5
738040011,Original,Turkish Branded,off_turkey,350.9,9.0,62.0,1.5,19.0
770220145,Ореховая паста,Turkish Branded,off_turkey,555.0,3.8,58.0,34.0,2.1
770220205,Kruvasan,Turkish Branded,off_turkey,455.0,5.7,43.0,19.0,
770220220,Kent jelibon sour,Turkish Branded,off_turkey,364.0,0.0,90.0,0.0,0.0
770221039,Falım çilekli,Turkish Branded,off_turkey,134.0,0.0,8.0,0.0,
770230049,Strawberry Chocolate,Turkish Branded,off_turkey,552.0,4.6,57.0,34.0,0.9
776492201,Dondurulmuş Karides,Turkish Branded,off_turkey,82.0,18.3,0.0,0.9,
777914006,Çokça Sarımsaklı Mayonez,Turkish Branded,off_turkey,321.0,0.6,6.4,32.0,
808342370,Siesta Lemon,Turkish Branded,off_turkey,44.6,0.0,11.2,0.0,
808604013,Valsoia Granstecco,Turkish Branded,off_turkey,351.2,2.8,30.0,23.8,3.1
808869804,Chocotti,Turkish Branded,off_turkey,525.0,3.6,61.0,29.0,3.7
88135876,Nutella 400g,Turkish Branded,off_turkey,539.0,6.3,57.5,30.9,
809797701,Crema di mandorle bianca bio,Turkish Branded,off_turkey,658.0,22.0,6.9,58.0,
809869901,Semi di canapa decorticati,Turkish Branded,off_turkey,567.0,30.6,10.9,45.9,6.0
809869902,Dolce Natale,Turkish Branded,off_turkey,361.0,6.3,49.0,15.0,6.2
815680951,PESTO alla GENOVESE,Turkish Branded,off_turkey,492.0,4.7,11.0,47.0,3.0
88924975,Big Babol Magic Cubes,Turkish Branded,off_turkey,286.0,0.0,74.0,0.0,0.0
849006612,Heinz Hamburger Sauce 220g,Turkish Branded,off_turkey,372.0,0.9,12.0,35.5,0.2
852529159,Çikolata Granola,Turkish Branded,off_turkey,435.0,9.0,63.0,15.0,7.6
852529159,Nesfit Kabak Çekirdekli Turna Yemişli Granola,Turkish Branded,off_turkey,436.0,9.5,63.0,15.0,7.2
866276338,Proteinli Granola,Turkish Branded,off_turkey,448.0,30.0,46.0,15.0,6.1
867401742,Nutrend Peanut Butter Caramel Bar,Turkish Branded,off_turkey,404.0,30.0,31.0,20.0,
867911802,Kekspır Meyveli Kek,Turkish Branded,off_turkey,410.0,4.2,56.0,18.4,2.0
876018100,Dana Macar Salam,Turkish Branded,off_turkey,213.3,10.0,2.9,14.7,
876018105,Yoğurt,Turkish Branded,off_turkey,54.0,4.0,6.0,1.5,
876018111,Tam yağlı süt,Turkish Branded,off_turkey,57.0,2.9,4.6,3.0,
876033551,Parmesan,Turkish Branded,off_turkey,398.0,33.0,0.0,29.0,
876067934,Yarım Yağlı Laktozsuz Süt,Turkish Branded,off_turkey,44.0,3.0,4.6,1.5,
876075100,Nut Master Şeker İlavesiz Yer Fıstığı Ezmesi,Turkish Branded,off_turkey,631.0,23.8,20.8,48.7,8.8
876085345,Homojenize Yoğurt,Turkish Branded,off_turkey,41.0,3.6,5.5,0.6,
876090802,İndomie Hazır Noodle Jumbo Paket,Turkish Branded,off_turkey,115.0,2.4,14.2,5.2,0.9
876104902,Portakal Meyveli İçecek,Turkish Branded,off_turkey,48.0,0.0,11.7,0.0,0.0
876108055,Hero goodies muzlu,Turkish Branded,off_turkey,324.0,6.1,65.0,1.9,11.0
876108055,Hero Goodies Çilek Kakao Meyve Bar,Turkish Branded,off_turkey,327.0,5.8,66.0,2.0,11.0
876108055,Hero Goodies Fındık Kakao Meyve Bar,Turkish Branded,off_turkey,350.0,7.6,56.0,8.2,11.0
876108090,Şeker İlavesiz Kuruyemiş & Meyve Bar Yaban Mersini - Chia - Kakao,Turkish Branded,off_turkey,361.0,7.2,62.0,7.9,6.4
876108090,Tuzlu Karamel Tam Tahıllı Bar,Turkish Branded,off_turkey,410.0,6.8,67.0,12.0,3.4
876108090,Şeker İlavesiz Kuruyemiş & Meyve Bar Fındık - Kakao,Turkish Branded,off_turkey,369.0,8.1,49.0,13.0,12.0
876108090,Şeker İlavesiz Kuruyemiş & Meyve Bar Vişne - Fındık - Kakao,Turkish Branded,off_turkey,368.6,7.4,57.1,10.0,12.0
876108090,Çikolata Fındık Tam Tahıl Bar,Turkish Branded,off_turkey,451.0,6.1,64.0,18.0,4.5
876118508,Fırınlanmış Nohut Cipsi,Turkish Branded,off_turkey,413.0,21.0,50.0,13.0,6.1
876118508,High PrtoteinBar,Turkish Branded,off_turkey,353.0,33.0,38.0,6.1,6.6
876118508,Badem ve Kakaolu Yüksek Protein Bar,Turkish Branded,off_turkey,371.0,33.2,38.2,6.7,12.7
876118508,Yer Fıstıklı ve Kakaolu Protein Bar,Turkish Branded,off_turkey,362.0,25.0,48.0,5.9,2.7
876118508,Fellas Protein Granola,Turkish Branded,off_turkey,436.0,15.9,44.4,17.4,19.3
876126700,Mom's Natural Foods Glutensiz Yer Fıstıklı Yüksek Proteinli Granola,Turkish Branded,off_turkey,431.0,14.6,65.9,13.5,6.1
876132400,Natural Yoghurt,Turkish Branded,off_turkey,80.0,4.0,6.0,4.5,
876132400,dilim tost peynir,Turkish Branded,off_turkey,307.0,24.0,1.0,23.0,
876132400,Kaymaksız Yoğurt,Turkish Branded,off_turkey,73.0,4.0,5.8,3.8,
876132400,Krema,Turkish Branded,off_turkey,194.0,1.8,6.1,18.0,
876132400,Hüptrik,Turkish Branded,off_turkey,71.0,1.5,12.8,1.5,
876134903,mango & ananas,Turkish Branded,off_turkey,35.0,0.0,8.5,0.0,
876134903,Yeşil elma aromalı doğal zengin mineralli gazlı içecek,Turkish Branded,off_turkey,35.0,0.0,8.5,0.0,0.0
876134903,karadut&frenk üzümü soda,Turkish Branded,off_turkey,40.0,0.0,9.5,0.0,0.0
876134903,Greyfurt Ve Yaban Mersini Aromalı Gazoz,Turkish Branded,off_turkey,40.0,0.0,9.5,0.0,
876134903,Tuzlu Erik,Turkish Branded,off_turkey,0.2,0.0,0.0,0.0,
876142906,Protein drink,Turkish Branded,off_turkey,386.0,68.6,9.4,6.9,
876150602,Cipso Tube Original,Turkish Branded,off_turkey,518.0,4.7,58.0,30.0,1.9
876150602,Ketçap Aromalı,Turkish Branded,off_turkey,541.0,5.5,51.8,33.6,4.3
876150602,Yoğurt ve Mevsim Yeşillikleri Aromalı,Turkish Branded,off_turkey,530.0,5.0,53.0,33.5,4.7
876150602,Peynir & Soğan Aromalı,Turkish Branded,off_turkey,546.0,6.0,52.7,33.6,4.3
876150602,Tube Paprika Aromalı Patates Çerezi,Turkish Branded,off_turkey,515.0,5.0,60.0,30.0,2.0
876150602,Bruschetta Aromalı,Turkish Branded,off_turkey,541.0,5.5,51.0,34.0,4.3
876157135,Big Whey Classic,Turkish Branded,off_turkey,385.7,68.6,9.4,6.9,
876163010,Çilekli ve Kakaolu Meyve Bar,Turkish Branded,off_turkey,379.0,7.8,44.0,15.0,16.0
876163010,Elmalı & Tarçınlı Meyve Bar,Turkish Branded,off_turkey,344.0,5.2,60.0,6.3,13.0
876163010,MALİNYA & KAKAO MEYVE BAR,Turkish Branded,off_turkey,367.2,8.2,49.0,11.0,15.0
876163010,Kakaolu ve Fındıklı Bar,Turkish Branded,off_turkey,395.0,7.4,61.0,17.0,13.0
876163014,HI Protein Bar,Turkish Branded,off_turkey,357.8,33.0,38.0,6.8,6.6
876163014,Züber Date Bar,Turkish Branded,off_turkey,342.0,9.0,51.0,12.0,9.5
876163015,Züber Vegan HiProtein Bar,Turkish Branded,off_turkey,374.0,20.0,41.0,15.0,11.0
876163015,Protein Bar FINDIK EZMELI,Turkish Branded,off_turkey,407.0,34.0,30.0,16.0,7.2
876163015,H 15' Protein Bar,Turkish Branded,off_turkey,420.0,34.0,35.0,13.0,8.2
876163016,Granola Bar Kırmızı Meyve,Turkish Branded,off_turkey,360.0,7.4,62.0,7.6,7.1
876163016,Granola Bar Yer Fıstıklı,Turkish Branded,off_turkey,396.0,10.0,53.0,15.0,6.9
876163016,ZUBER PROTEIN BAR GLUTENSIZ/LAKTOZSUZ 10PRO MALZEM,Turkish Branded,off_turkey,372.0,25.0,33.0,12.0,12.0
876163017,Sütlü ve Hurmalı Protein Bar,Turkish Branded,off_turkey,295.0,15.0,60.0,2.5,13.0
876163030,Lokma,Turkish Branded,off_turkey,369.0,7.7,42.0,15.0,16.0
876163030,Fındıklı Hurma Topu,Turkish Branded,off_turkey,369.0,9.8,41.0,15.0,15.0
876163031,Peanut Butter(Fıstık Ezmesi),Turkish Branded,off_turkey,625.0,27.0,16.0,49.0,7.0
876163031,Züber Peanut Butter,Turkish Branded,off_turkey,627.0,22.0,15.0,51.0,7.9
876163031,kakaolu fıstık ezmesi,Turkish Branded,off_turkey,574.0,18.0,22.0,44.0,8.2
876163031,Noutos Fırınlanmış Nohut Cips Kajun Baharatlı,Turkish Branded,off_turkey,462.0,15.0,53.0,20.0,6.7
876163032,Züber,Turkish Branded,off_turkey,363.0,6.9,46.0,13.0,15.0
876163036,Nutzilla Kakaolu Fındık Kreması,Turkish Branded,off_turkey,566.0,10.0,23.0,45.0,15.0
876163041,Züber Kidz Muzlu Meyve Barı,Turkish Branded,off_turkey,310.0,2.5,73.0,3.7,12.0
876163041,Peanutzilla,Turkish Branded,off_turkey,584.0,14.0,39.8,42.0,6.8
876163041,Yoğurt & Mevsim Yeşillikleri Çeşnili Fırınlanmış Nohut Cipsi,Turkish Branded,off_turkey,433.0,15.0,47.0,19.0,6.2
876163041,Noutos Ekşi Krema ve Soğan Çeşnili Nohut Cipsi,Turkish Branded,off_turkey,434.0,15.0,47.0,19.0,6.3
876163041,Noutos Fırınlanmış Nohut Cipsi,Turkish Branded,off_turkey,457.0,20.0,55.0,19.0,7.7
876163041,Antep Fıstığı Kreması,Turkish Branded,off_turkey,545.0,14.0,37.0,40.0,10.0
876163042,MEYVE BAR,Turkish Branded,off_turkey,373.3,12.0,54.0,15.0,11.0
876163042,Dolu Dolu Fındık Ezmeli Meyve Bar,Turkish Branded,off_turkey,383.3,10.0,56.0,16.0,13.0
876163043,Yer Fıstıklı Meyve Topları,Turkish Branded,off_turkey,332.0,6.2,62.0,9.0,11.0
876163070,Fıstrık Bar,Turkish Branded,off_turkey,551.0,20.0,31.0,41.0,11.0
876163071,Kakaolu Kurabiye,Turkish Branded,off_turkey,460.0,11.0,56.0,19.0,10.0
876174910,Organik Hindistan Cevizi Unu,Turkish Branded,off_turkey,332.0,19.0,26.0,8.0,39.0
876174910,Badem Unu,Turkish Branded,off_turkey,618.0,22.0,7.6,53.0,9.7
876174910,Organik Glutensiz Keçiboynuzu Unu,Turkish Branded,off_turkey,320.0,3.2,89.3,0.1,25.2
876174910,Tam Yulaf Unu,Turkish Branded,off_turkey,357.0,13.5,57.0,6.5,8.0
876174914,Tuzlu Kavrulmuş Badem,Turkish Branded,off_turkey,634.0,28.0,23.0,45.0,12.0
876174914,Aşurelik Buğday,Turkish Branded,off_turkey,311.0,14.0,46.0,2.1,26.0
876176338,Hydro Whey,Turkish Branded,off_turkey,354.0,80.0,3.8,1.8,
876176338,Çikolata Parçacıklı Proteinli Granola,Turkish Branded,off_turkey,448.0,30.0,46.0,15.0,6.0
876176386,Nam Nam Snacks Chili & Lemone,Turkish Branded,off_turkey,542.9,5.7,48.6,37.1,0.0
876185100,Blueberry Mango Gluten Free Granola,Turkish Branded,off_turkey,438.0,10.7,57.3,17.1,5.9
876185100,Berry Protein Blend,Turkish Branded,off_turkey,386.0,57.0,23.3,5.2,10.9
876200908,Fomilk coconut milk,Turkish Branded,off_turkey,34.0,0.3,2.8,2.4,
876212546,Waspco High Protein Bar,Turkish Branded,off_turkey,409.0,30.0,43.5,15.0,5.5
876212546,High Protein Bar Banana,Turkish Branded,off_turkey,393.4,30.0,48.5,12.5,5.6
876212546,Hazelnut Protein Bar,Turkish Branded,off_turkey,409.0,30.0,43.5,15.0,5.5
876212546,Vegan Protein Bar Peanut Butter,Turkish Branded,off_turkey,393.0,20.0,48.6,18.4,8.0
876216933,Freeze Fresh Berry Mix,Turkish Branded,off_turkey,305.0,6.0,60.0,0.0,20.0
876216933,Freeze Fresh Lime,Turkish Branded,off_turkey,365.0,4.3,85.0,1.0,2.7
876221470,Suzme yogurt,Turkish Branded,off_turkey,473.0,7.6,5.0,7.0,
876221470,Ayran,Turkish Branded,off_turkey,34.0,2.0,2.0,2.0,
876221470,Yarım Yağlı Yoğurt,Turkish Branded,off_turkey,51.0,4.0,4.6,1.8,0.0
876221470,Yağı Azaltılmış Yoğurt,Turkish Branded,off_turkey,41.0,4.0,4.6,0.6,
876221472,Yer Fıstıklı Protein Bar,Turkish Branded,off_turkey,360.0,29.0,37.0,8.7,7.0
876221473,Light Yoğurt,Turkish Branded,off_turkey,41.0,4.0,4.6,0.6,0.0
876221473,Karabuğday Patlağı,Turkish Branded,off_turkey,392.0,14.0,74.0,3.2,3.5
876230468,Sriracha Flavour Chips,Turkish Branded,off_turkey,465.0,18.4,56.7,18.3,6.8
876236897,Amarantlı pirinç patlaklı çikolata,Turkish Branded,off_turkey,481.0,5.0,52.0,24.0,10.0
876239217,%100 Fıstık Ezmesi,Turkish Branded,off_turkey,619.0,26.0,21.7,47.0,8.7
876239217,Organic Elma Suyu Konsantresi,Turkish Branded,off_turkey,271.0,1.1,65.0,0.1,1.3
876239217,Karnıyarık Otu Tozu,Turkish Branded,off_turkey,187.0,2.5,4.0,0.5,78.0
876239217,Çikolatalı Hurmalı Fındık Ezmesi,Turkish Branded,off_turkey,623.0,12.9,27.7,52.7,7.0
876239217,Hurma Özlü %85 Bitter Çikolata,Turkish Branded,off_turkey,552.0,13.0,23.5,46.4,8.5
876239217,Wefood %50 Kakaolu Hindistan Cevizi Sütlü Vegan Çikolata No5,Turkish Branded,off_turkey,551.0,9.0,36.0,49.0,4.0
876247684,Kinoa Cipsi,Turkish Branded,off_turkey,483.0,9.1,56.8,24.2,0.7
876253000,Granola Çikolata Parçacıklı ve Fındıklı,Turkish Branded,off_turkey,492.5,6.2,61.0,24.0,4.2
876253022,Granola Çikolata ve Fındık,Turkish Branded,off_turkey,493.0,6.2,61.0,24.0,4.2
876253022,"Şeker İlavesiz Granola Turna Yemişi, Kabak Çekirdeği ve Kajulu",Turkish Branded,off_turkey,476.0,9.3,60.0,21.0,5.1
876253022,İlave Şekersiz Granola Hurmalı ve Bademli,Turkish Branded,off_turkey,467.0,8.0,61.0,20.0,5.7
876256097,Kolajenli Granola Çikolatalı & Muzlu,Turkish Branded,off_turkey,384.0,13.0,72.0,3.1,9.0
876256097,Mercimekli Kraker,Turkish Branded,off_turkey,454.0,20.3,41.1,21.6,7.2
876256097,Tarhanalı Kraker,Turkish Branded,off_turkey,502.2,20.0,41.4,26.6,8.1
876258874,Kakaolu Tahıl Gevreği,Turkish Branded,off_turkey,355.0,6.3,74.0,1.9,8.6
876258874,Yaban Mersinli Granola,Turkish Branded,off_turkey,316.8,10.3,54.4,4.3,12.2
876258874,buckwheat granola almond chocolate,Turkish Branded,off_turkey,410.2,10.9,67.0,9.2,7.7
876258874,Çörekotlu Karabuğday Patlağı,Turkish Branded,off_turkey,378.0,13.3,69.5,3.2,8.8
876258874,Kinoa & Chia Karabuğday Patlağı,Turkish Branded,off_turkey,370.5,13.7,68.9,4.2,9.4
876266211,"Aroha Şekersiz, Glutensiz, Vegan Çikolata",Turkish Branded,off_turkey,480.0,12.0,9.0,46.0,8.0
876269600,Cookie Cream Protein Bar,Turkish Branded,off_turkey,372.0,40.0,37.0,6.6,2.2
876269600,Strawberry Cheesecake Flavor High Protein Bar,Turkish Branded,off_turkey,383.0,40.0,39.0,6.6,4.0
876269600,High Protein Bar Coconut Flavor,Turkish Branded,off_turkey,386.0,40.0,38.0,8.2,2.3
876269600,Cream of Rice Cookie & Cream flavor,Turkish Branded,off_turkey,346.0,9.4,75.1,0.9,
876269600,High Protein Bar,Turkish Branded,off_turkey,384.0,40.0,40.0,6.6,2.6
876269672,Cream Of Rice,Turkish Branded,off_turkey,348.0,9.4,76.0,0.8,0.0
876269674,Protein Bar Muzlu,Turkish Branded,off_turkey,386.0,40.0,40.2,7.7,2.2
876269674,TIRAMISU HIGH PROTEIN BAR,Turkish Branded,off_turkey,381.0,40.0,38.0,7.2,2.3
876269674,protein ocn HIGH PROTEIN BAR BIRTHDAY CAKE,Turkish Branded,off_turkey,378.0,40.0,38.0,6.9,1.9
876283530,Yulaf Ezmesi ve Portakal Bar,Turkish Branded,off_turkey,350.0,4.3,55.0,11.6,2.5
876288754,Elmalı Ve Böğürtli Meyve Bar,Turkish Branded,off_turkey,353.0,1.4,88.0,0.0,3.8
876298376,Badem Sütü,Turkish Branded,off_turkey,32.0,0.6,3.7,1.6,0.1
876298376,Yulaf Sütü,Turkish Branded,off_turkey,45.0,0.2,5.0,2.7,
876298376,Milky,Turkish Branded,off_turkey,25.0,0.1,2.7,1.5,
876298376,Hindistan Cevizi Sütü,Turkish Branded,off_turkey,18.0,0.2,0.2,1.8,0.0
876298376,ProbiYo Şekersiz,Turkish Branded,off_turkey,20.5,0.8,1.1,8.3,
876313006,Mac and cheese makarna,Turkish Branded,off_turkey,386.0,12.0,70.0,5.0,2.2
876313006,Ranch Sos,Turkish Branded,off_turkey,320.0,0.9,6.3,33.0,0.0
876313008,Selection Çikolata Karnavalı,Turkish Branded,off_turkey,194.0,3.1,25.0,8.8,1.0
876313009,مه گنوم موط,Turkish Branded,off_turkey,349.1,4.5,37.4,20.1,1.6
876313010,Volcano,Turkish Branded,off_turkey,265.0,2.8,30.0,15.0,
876313011,dubai magnum dondurma,Turkish Branded,off_turkey,356.0,5.2,35.0,21.0,0.9
876316130,Granobar,Turkish Branded,off_turkey,494.0,13.3,49.2,29.0,7.2
876318133,Fırınlanmış Mısır Cipsi Kinoalı - Baharat Çeşnili ve Çörekotlu,Turkish Branded,off_turkey,484.0,5.6,65.8,20.8,5.6
876318133,Fırınlanmış Mısır Cipsi Chialı - Mevsim Yeşilliği Çeşnili,Turkish Branded,off_turkey,474.0,6.7,66.3,19.0,6.1
876320006,Fellas %100 Fıstık Ezmesi,Turkish Branded,off_turkey,638.0,25.5,7.6,54.2,8.9
876320006,Vegan Protein Bar Muz & Kakao,Turkish Branded,off_turkey,398.0,21.2,55.0,9.0,6.8
876320634,Dark Chocolate (Organic 100% Cocoa),Turkish Branded,off_turkey,641.0,9.0,5.1,62.0,13.0
876328070,strawberry dragee,Turkish Branded,off_turkey,528.0,4.9,61.1,29.6,1.2
876328072,Juva 100 gm,Turkish Branded,off_turkey,528.0,7.3,53.0,31.0,3.5
876334703,Glutensiz Karabuğday Patlağı,Turkish Branded,off_turkey,150.0,13.0,74.0,3.3,3.5
876334703,Glutensiz Çok Tahıllı Patlak,Turkish Branded,off_turkey,362.0,10.6,69.0,3.3,7.0
876334703,Wefood Glutensiz Tahinli Kraker,Turkish Branded,off_turkey,289.0,4.9,26.0,17.0,7.3
876334703,Glutensiz Kraker (Fesleğen & Ay Çekirdekli),Turkish Branded,off_turkey,392.5,7.2,46.8,22.5,6.8
876334703,Glutensiz Kraker Zeytin & Kekikli,Turkish Branded,off_turkey,237.0,1.1,26.5,11.5,4.0
876334703,Keçiboynuzlu & Chialı Fıstık Ezmesi,Turkish Branded,off_turkey,525.0,23.0,18.0,38.0,12.0
876334703,Glutensiz Grissini (Çörek Otu & Chia),Turkish Branded,off_turkey,390.0,7.4,63.0,11.0,5.3
876340068,Hurma ezmesi,Turkish Branded,off_turkey,287.0,2.0,80.0,0.0,7.0
876341700,Hazelnut spread,Turkish Branded,off_turkey,579.0,8.0,51.0,37.0,5.2
876341700,Tadelle,Turkish Branded,off_turkey,571.0,9.3,53.0,35.0,3.6
876341700,Antep Fıstıklı Çikolata,Turkish Branded,off_turkey,570.0,10.7,46.2,37.5,2.8
876347614,Yer Fıstığı Ezmesi,Turkish Branded,off_turkey,620.0,25.0,13.0,50.0,
876348906,Nar Ekşisi,Turkish Branded,off_turkey,245.0,0.2,61.0,0.0,0.0
876350811,Kuruyemişli ve Bitter Çikolatalı Meyve Bar,Turkish Branded,off_turkey,389.0,10.0,41.0,21.0,11.0
876350813,Dido Nut,Turkish Branded,off_turkey,545.0,7.4,51.0,31.0,3.5
876350814,Fındık Rüyası,Turkish Branded,off_turkey,561.0,8.5,50.0,36.0,
876350814,Ülker İstanbul 93 gr,Turkish Branded,off_turkey,536.0,7.7,51.0,33.0,2.5
876355556,Protein Gluten-Free Granola - Peanut and Quinoa,Turkish Branded,off_turkey,402.0,15.1,56.7,11.5,5.8
876364988,Malatya Kayısısı Jumbo Gün Kurusu,Turkish Branded,off_turkey,256.0,3.4,64.0,0.4,8.1
876365536,Badem & Ananaslı Meyve Bar,Turkish Branded,off_turkey,369.0,5.8,62.0,6.5,7.0
876371747,Cashews,Turkish Branded,off_turkey,606.0,18.7,17.9,49.3,18.7
876371747,ms,Turkish Branded,off_turkey,528.0,14.0,43.8,32.3,2.9
876371747,Sade Patates Cipsi,Turkish Branded,off_turkey,525.0,5.0,62.6,28.3,3.2
876378955,Kola,Turkish Branded,off_turkey,42.0,0.0,10.5,0.0,
876381338,Kuru Meyveli Yogurtlu Granola,Turkish Branded,off_turkey,129.0,2.0,26.0,1.6,
876381338,Frambuazlı Kiya Tohumlu Parfe,Turkish Branded,off_turkey,130.9,5.2,19.0,3.2,3.0
876384505,Fistik Ezmesi,Turkish Branded,off_turkey,622.0,24.2,17.4,52.3,
876385154,Sugar-Free Chocolate Coated Peanut & Cherry Bar,Turkish Branded,off_turkey,413.0,6.8,64.2,17.5,4.2
876385154,"Sugar-Free Protein Bar, Peanut & Coffee Bar",Turkish Branded,off_turkey,403.0,20.6,44.2,27.1,6.0
876385154,Cappuccino Aromalı Protein Bar,Turkish Branded,off_turkey,365.0,15.1,15.8,4.4,0.5
876385154,"Delly Çikolata Kaplı, Bademli & Çilekli Meyveli Ba",Turkish Branded,off_turkey,402.0,9.5,52.1,16.4,14.9
876385154,Çikolata kapli meyve bar portakal,Turkish Branded,off_turkey,401.0,8.5,53.0,16.2,31.0
876385154,Çikolata Kaplı Meyveli Bar,Turkish Branded,off_turkey,418.0,7.5,53.2,18.6,14.2
876388075,Glütensiz Sade Patates Cipsi,Turkish Branded,off_turkey,573.0,5.0,48.0,37.0,
876388075,Pukka Yoğurt Aromalı Mevsim Yeşillikli Cips,Turkish Branded,off_turkey,557.0,5.0,52.0,34.0,
876400045,Kaymaksız Doğal Yoğurt,Turkish Branded,off_turkey,73.0,4.0,5.8,3.8,
876404168,Protein Chips,Turkish Branded,off_turkey,340.0,26.0,48.0,6.4,
876405574,PROTEIN BAR,Turkish Branded,off_turkey,380.0,33.0,46.0,5.0,11.0
876405574,Meyve Topy,Turkish Branded,off_turkey,320.0,6.2,63.0,1.5,14.0
876405574,Protein Bar with Milk Chocolate Coating and Coconuts,Turkish Branded,off_turkey,376.0,33.0,48.0,8.0,10.0
876420769,Yer Fıstığı & Kakao Meyve Bar,Turkish Branded,off_turkey,387.0,11.0,61.0,9.4,7.9
876420769,Muz & Badem Meyve Bar,Turkish Branded,off_turkey,363.0,6.2,69.0,4.9,9.3
876420769,High Protein Bar Çilekli,Turkish Branded,off_turkey,347.0,33.0,35.0,7.0,6.0
876420769,Fellas high protein bar classic,Turkish Branded,off_turkey,344.0,33.0,42.0,7.0,8.0
876420769,Karışık Kuruyemişli Kuruyemiş Bar,Turkish Branded,off_turkey,571.0,20.0,17.0,45.0,11.0
876420769,kuruyemiş kırmızı meyve bar,Turkish Branded,off_turkey,534.0,15.0,32.0,36.0,9.0
876420769,Dört Tohumlu Kuruyemiş Bar,Turkish Branded,off_turkey,572.0,22.0,16.0,44.0,11.0
876420769,Fındıklı Kakaolu Kuruyemiş Bar,Turkish Branded,off_turkey,563.3,19.7,20.3,43.3,11.0
876420769,Yaban Mersini & Kuruyemiş Granola,Turkish Branded,off_turkey,452.0,14.0,53.0,19.0,7.0
876420769,Granola - Antep Fıstığı & Kakao,Turkish Branded,off_turkey,453.0,12.0,56.7,18.3,6.3
876420769,Protein Granola,Turkish Branded,off_turkey,464.0,18.0,43.0,22.0,10.0
876420769,Kurabiye Aromalı Protein Tozu,Turkish Branded,off_turkey,400.0,68.0,17.0,6.3,0.0
876427861,Kakaolu Yerfıstığı Ezmesi,Turkish Branded,off_turkey,565.0,15.0,38.0,38.0,6.9
876453126,Granola Muz Ceviz,Turkish Branded,off_turkey,439.0,14.0,64.0,17.0,12.0
876455661,Hazır Noodle,Turkish Branded,off_turkey,455.6,9.4,56.7,20.9,
876456830,Bolçi Kadayıflı Çikolata,Turkish Branded,off_turkey,548.0,8.0,51.0,34.5,3.0
876469800,Limonata,Turkish Branded,off_turkey,44.0,0.0,11.0,0.0,
876469800,Soğuk Çay,Turkish Branded,off_turkey,32.0,0.0,8.0,0.0,0.0
876480231,Kırmızı Meyveli Granola Bar,Turkish Branded,off_turkey,356.5,15.7,56.5,4.3,9.1
876480231,Kakaolu Granola Bar,Turkish Branded,off_turkey,372.0,15.0,53.0,9.0,12.0
876480231,Granola Bar Dört Tohumlu,Turkish Branded,off_turkey,403.0,14.0,52.0,14.0,10.0
876480828,Pickle Splash Sparkling Water,Turkish Branded,off_turkey,3.2,0.0,0.8,0.0,
876499200,Orman Meyveli Kefir,Turkish Branded,off_turkey,66.0,2.7,9.4,2.0,0.0
876499200,Hardal Sos,Turkish Branded,off_turkey,235.0,0.2,12.0,21.0,0.0
876499200,Zeytinyağlı Ton Balığı,Turkish Branded,off_turkey,212.0,24.0,0.1,12.0,
876499200,Tam Buğday Unlu Sandviç Ekmeği,Turkish Branded,off_turkey,249.0,8.3,49.0,1.6,2.9
876499200,Glutensiz Granola Yaban Mersinli,Turkish Branded,off_turkey,445.0,10.3,61.0,16.0,8.1
876499200,Glutensiz Granola Kakaolu & Fındıklı,Turkish Branded,off_turkey,449.0,9.6,60.0,17.0,8.6
876499200,Bademli Sütlü Çikolata,Turkish Branded,off_turkey,548.0,8.0,48.0,35.0,0.0
876499200,Vanilya Aromalı Kremalı Bisküvi,Turkish Branded,off_turkey,466.0,8.0,68.0,18.0,0.0
876499200,Karamelize Bisküvi Kreması,Turkish Branded,off_turkey,563.0,4.2,55.0,35.0,
876499200,Antep Fıstıklı Hurma Topu,Turkish Branded,off_turkey,346.0,8.0,48.0,4.0,9.0
876499200,Antep Fıstıklı Beyaz Çikolata,Turkish Branded,off_turkey,590.0,11.0,44.0,41.0,1.8
876499200,Karamelize Bisküvi Kreması Parçacıklı,Turkish Branded,off_turkey,559.0,3.4,60.0,34.0,
876499200,Tam Buğdaylı Bisküvi,Turkish Branded,off_turkey,455.0,8.0,62.0,18.0,5.2
876499200,Harras Yulaflı Bisküvi,Turkish Branded,off_turkey,505.0,8.8,61.0,25.0,5.2
876499201,Dana Füme Et Roastbeef,Turkish Branded,off_turkey,135.0,25.0,2.0,3.0,
876499201,Peynirli Mısır Çerezi,Turkish Branded,off_turkey,451.0,5.2,62.0,18.0,3.5
876499201,Dondurulmuş Kalamar,Turkish Branded,off_turkey,46.0,10.1,0.0,0.5,
876499201,Dondurulmuş İç Midye,Turkish Branded,off_turkey,86.0,12.0,4.0,2.0,
876499201,Hüüp Tropikal Tropikal Karışık Meyve Suyu,Turkish Branded,off_turkey,49.0,0.2,12.0,0.0,0.0
876499201,Hüüp Meyve Adası Karışık Kırmızı Meyve Suyu,Turkish Branded,off_turkey,50.0,0.2,11.0,0.0,0.0
876499201,Organik Elma Havuç Muz Çarkıfelek Meyvesi Mango Ananas Suyu,Turkish Branded,off_turkey,50.0,0.1,12.0,0.0,0.5
876499201,Organik %100 Meyve Suyu - Kayısı Elma Şeftali Suyu,Turkish Branded,off_turkey,49.0,0.8,11.0,0.0,0.0
876499201,Organik %100 Meyve Suyu Nar Suyu,Turkish Branded,off_turkey,56.0,0.2,14.0,0.0,0.0
876499201,Tahin,Turkish Branded,off_turkey,687.0,22.0,6.7,62.0,
876499201,Glutensiz Yulaf Ezmesi,Turkish Branded,off_turkey,364.0,14.0,55.0,7.4,15.0
876499201,Çifte Kavrulmuş Tahin,Turkish Branded,off_turkey,650.0,22.0,10.0,53.0,
877009300,Litchi maracuja sans alcool,Turkish Branded,off_turkey,38.0,0.0,9.3,0.0,
877010500,Rize Çayı,Turkish Branded,off_turkey,1.0,0.0,0.2,0.0,
877010501,Didi soğuk çay,Turkish Branded,off_turkey,30.0,0.0,7.5,0.0,
877012005,Favorimo  sade kek,Turkish Branded,off_turkey,408.0,5.9,57.4,16.6,2.6
877012006,Gaufrette,Turkish Branded,off_turkey,521.0,6.2,58.4,28.7,2.1
877012006,no:1,Turkish Branded,off_turkey,522.0,8.5,58.4,27.9,2.9
877012007,Torku Banada,Turkish Branded,off_turkey,529.0,5.5,57.3,31.2,
877012007,Banada,Turkish Branded,off_turkey,537.0,6.5,55.4,31.0,4.8
877012007,Catalhoyuk,Turkish Branded,off_turkey,382.0,6.7,75.2,1.5,6.3
877012009,4 x 4 Nougat Bar with Caramel and Peanut,Turkish Branded,off_turkey,457.0,4.2,71.4,17.0,0.2
877012012,Bütün Antep Fıstıklı Çikolata,Turkish Branded,off_turkey,541.0,8.5,55.8,31.0,2.5
877012013,tortu tam kraker,Turkish Branded,off_turkey,486.0,9.1,63.5,21.2,2.5
877014615,Sour Blast (confiserie gélifiée acidifiée goût fruité),Turkish Branded,off_turkey,380.0,2.7,86.0,2.9,0.0
877025148,Migros Söğüş Karides,Turkish Branded,off_turkey,76.0,16.1,0.0,1.3,0.0
877025150,Somon Füme,Turkish Branded,off_turkey,160.0,21.7,3.8,6.0,2.2
94903103,Pinar lait,Turkish Branded,off_turkey,60.0,3.0,4.5,3.3,
877034705,Tatlandırıcılı Yüksek Proteinli Kahveli Spor Gıdası,Turkish Branded,off_turkey,61.0,10.0,3.0,1.0,
877045170,Chicken Nuggets,Turkish Branded,off_turkey,270.0,10.0,24.3,14.5,
877050400,Ulker Probis Sandwich Biscuits 10 Pack 280G,Turkish Branded,off_turkey,493.0,16.0,52.0,24.0,4.0
877050400,Çokoprens,Turkish Branded,off_turkey,508.0,5.6,61.5,26.2,
877050400,Çizi viç,Turkish Branded,off_turkey,507.0,7.6,55.0,28.0,1.3
877050401,İkram,Turkish Branded,off_turkey,480.0,6.3,64.0,21.3,3.7
877050401,Ikram,Turkish Branded,off_turkey,500.0,5.5,62.8,24.7,2.1
877050401,Ulker Kakaolu Bisküvi,Turkish Branded,off_turkey,438.0,7.4,70.0,13.0,3.1
877050401,Altınbaşak Tahıl Cipsi Taco Aromalı & Kinoalı Çerez,Turkish Branded,off_turkey,430.0,8.3,61.0,18.0,6.3
877050401,Ülker Kakaolu Bisküvi,Turkish Branded,off_turkey,438.0,7.4,70.0,13.0,
877050401,Altınbaşak tahıl cipsi,Turkish Branded,off_turkey,440.0,8.2,60.0,18.0,6.2
877050401,Hanımeller,Turkish Branded,off_turkey,488.0,5.9,65.0,23.0,1.4
877050401,Ulker Biskrem Cocoa Biscuit,Turkish Branded,off_turkey,511.0,5.2,66.4,24.4,
877050401,Bebe bisküvisi,Turkish Branded,off_turkey,449.0,5.8,73.0,14.6,1.4
877050401,Çubuk kareler 40 g,Turkish Branded,off_turkey,403.0,12.0,73.0,6.3,2.6
877050402,Biskrem,Turkish Branded,off_turkey,507.7,4.2,67.6,24.3,0.9
877050402,Susamlı çubuk kraker,Turkish Branded,off_turkey,435.0,12.0,63.0,14.0,3.8
877050402,Tablet Çikolata Bitter,Turkish Branded,off_turkey,548.0,7.4,41.0,37.0,
877050402,Hobby chocolate bar,Turkish Branded,off_turkey,555.0,4.9,55.0,34.0,2.8
877050402,Çokonat,Turkish Branded,off_turkey,560.0,6.8,56.0,34.0,3.4
877050402,Dido,Turkish Branded,off_turkey,529.0,7.3,57.0,30.0,2.5
877050403,Halley,Turkish Branded,off_turkey,437.0,6.4,65.0,16.0,1.7
877050403,Albeni,Turkish Branded,off_turkey,506.0,5.3,62.0,26.0,1.4
877050403,HALLEY MİNİ,Turkish Branded,off_turkey,440.0,6.7,66.0,17.0,1.7
877050405,umran,Turkish Branded,off_turkey,492.0,2.0,48.0,32.4,0.8
877050406,Laviva,Turkish Branded,off_turkey,540.0,7.1,54.0,32.0,3.6
877050406,Kekstra Jöleböl,Turkish Branded,off_turkey,442.5,4.0,55.0,22.0,0.5
877050406,Dankek Mozaik Kek,Turkish Branded,off_turkey,409.0,5.7,52.0,20.0,
877050406,Antep fıstıklı milföy,Turkish Branded,off_turkey,535.7,6.8,50.0,34.6,1.4
877050407,Çokonat Antep Fıstıklı,Turkish Branded,off_turkey,560.0,7.9,53.0,35.0,2.7
877050407,Çıtır Atıştırmalık,Turkish Branded,off_turkey,475.0,7.7,63.0,21.0,2.0
877050407,Çizi Çıtır Atıştırmalık Fırınlanmış,Turkish Branded,off_turkey,474.0,1.2,63.0,21.0,0.3
877050407,Çizi Çıtır Fırınlanmış Atıştırmalık,Turkish Branded,off_turkey,477.0,8.1,63.0,21.0,1.9
877050407,Ülker Dankek Pöti with Fruit,Turkish Branded,off_turkey,395.0,5.4,54.0,17.0,1.2
877050407,Pöti,Turkish Branded,off_turkey,398.0,5.3,52.0,18.0,1.3
877050408,Saklıköy,Turkish Branded,off_turkey,485.0,6.9,62.0,22.0,4.7
877050408,Harby,Turkish Branded,off_turkey,479.0,6.7,60.0,23.0,4.4
877050408,ülker Bitter Cikolatali Gofret,Turkish Branded,off_turkey,475.0,6.1,56.0,30.0,5.0
877050410,Dankek Tart kek,Turkish Branded,off_turkey,414.0,4.4,58.0,18.0,
877050410,Ekşi Kremalı Patatesli Kraker,Turkish Branded,off_turkey,468.0,5.8,67.0,19.0,2.0
877050411,Biskrem cookie,Turkish Branded,off_turkey,513.0,5.9,61.0,27.0,2.7
877050411,Piko,Turkish Branded,off_turkey,466.7,5.1,65.0,21.0,1.5
877050411,Altınbaşak Çörekotlu Kinoalı Labneli Kraker,Turkish Branded,off_turkey,484.0,9.7,52.0,25.0,5.2
877050412,Çokokrem,Turkish Branded,off_turkey,547.0,5.5,62.0,30.0,
877050413,Dido Frambuaz,Turkish Branded,off_turkey,545.8,7.9,62.7,28.8,2.1
877050413,Dido Trio,Turkish Branded,off_turkey,552.0,7.5,54.0,34.0,2.0
877050413,ülker çikolata,Turkish Branded,off_turkey,543.0,6.5,58.0,31.0,2.4
877050413,ulker,Turkish Branded,off_turkey,255.0,3.0,27.0,15.0,1.1
877050414,Ülker Çilekli Sütlü Çikolata,Turkish Branded,off_turkey,128.0,1.9,14.0,6.8,0.8
877050414,Ülker Fındıklı Sütlü Kare Çikolata,Turkish Branded,off_turkey,566.0,9.1,50.0,36.0,3.7
877050414,%80 Bitter Çikolata,Turkish Branded,off_turkey,528.0,12.0,24.0,42.0,15.0
877050414,ULKER DUBAI CHOCOLATE WITH KADAYIF KUNAFA PISTACHIO 93G,Turkish Branded,off_turkey,535.0,7.7,56.0,34.0,2.2
877050414,Fındıklı Üzümlü Bol Sütlü Çikolata,Turkish Branded,off_turkey,541.0,8.3,54.0,32.0,3.3
877050415,Godiva dark chocolate,Turkish Branded,off_turkey,557.0,6.2,47.2,36.6,
877050415,60% kakaola bitter  çikolata,Turkish Branded,off_turkey,545.0,4.9,61.0,31.0,
877050415,choc,Turkish Branded,off_turkey,347.8,7.4,59.5,27.6,0.3
877050427,Kelloggs Corn Flakes,Turkish Branded,off_turkey,370.0,7.0,84.0,0.7,3.0
877050427,Céréal,Turkish Branded,off_turkey,373.3,7.5,82.5,1.2,5.0
877050444,İçim şef krema,Turkish Branded,off_turkey,334.0,1.5,3.0,35.0,
877050464,Sehriyeli tavuk Çorbasi,Turkish Branded,off_turkey,17.0,0.5,3.6,0.5,
877050464,Mısır Nişastası,Turkish Branded,off_turkey,381.0,0.3,91.3,0.1,
877050494,Ton Balığı,Turkish Branded,off_turkey,191.0,22.5,1.6,10.5,
877050496,PROBIS Proteinli Bisküvi,Turkish Branded,off_turkey,493.3,16.0,52.0,24.0,4.0
877050800,Konserve Mısır,Turkish Branded,off_turkey,73.0,2.9,14.0,0.5,2.5
877050860,Ketçap,Turkish Branded,off_turkey,90.0,1.0,21.0,0.0,
877051559,nane aromali,Turkish Branded,off_turkey,382.0,0.0,97.0,0.0,0.0
877052600,Burçak Limonlu Kremalı Yulaflı Bisküvi,Turkish Branded,off_turkey,486.0,6.9,61.0,23.0,3.8
877052600,Gong peynir acı,Turkish Branded,off_turkey,442.0,7.5,68.0,15.0,3.1
877052600,Gong ballı hardallı,Turkish Branded,off_turkey,460.0,4.9,69.0,18.0,2.6
877052600,Balık kraker,Turkish Branded,off_turkey,502.0,8.5,57.0,26.0,2.8
877052601,Eti Burçak Zeytinli,Turkish Branded,off_turkey,462.0,8.5,59.0,20.0,7.7
877052601,"Mahlepli, Çiyali ve Çörek Otlu Kepekli Biskuvi",Turkish Branded,off_turkey,410.0,11.5,62.5,11.0,9.5
877052601,Eti Form Tam Çavdarlı Ekşi Mayalı Kepekli Bisküvi,Turkish Branded,off_turkey,400.0,16.0,56.0,9.8,11.0
877052601,Lifalif Yer Fıstıklı ve Hurmalı Müsli,Turkish Branded,off_turkey,389.0,13.0,52.0,12.0,9.3
877052601,Karam 54% Cocoa Dark Chocolate,Turkish Branded,off_turkey,530.0,0.7,48.0,32.0,9.2
877052601,Çikolatalı Gofret Gold Hoşbeş Çıtırlığı,Turkish Branded,off_turkey,508.0,7.7,63.0,25.0,1.2
877052601,Eti lifalif müsli 250 k meyveli,Turkish Branded,off_turkey,375.0,14.0,55.0,8.6,11.0
877052602,Lifalif Yer Fıstıklı Üzümlü Fındıklı Bademli Granola,Turkish Branded,off_turkey,511.0,15.0,40.0,31.0,7.0
877052602,Burçak Kakao Kremalı Bisküvi,Turkish Branded,off_turkey,487.0,9.8,55.0,24.0,5.8
877052602,Lifalif Granola,Turkish Branded,off_turkey,450.0,11.0,51.0,21.0,6.6
877052602,Lifalif Yulaf Bar Kırmızı Meyve,Turkish Branded,off_turkey,485.0,9.9,48.0,26.0,8.7
877052602,Eti Karam %54 Kakaolu Bitter Çikolata,Turkish Branded,off_turkey,531.0,7.2,48.0,32.0,9.5
877052602,Eti Karam Bitter,Turkish Branded,off_turkey,519.0,11.0,35.0,34.0,19.0
877052602,Karam Bitter,Turkish Branded,off_turkey,545.0,7.8,48.0,34.0,7.0
877052602,eti çikolatalı antep fıstıklı 17 gr,Turkish Branded,off_turkey,553.0,9.8,48.0,35.0,3.8
877052603,Burçak Tuzlu Çörek Otlu Bisküvi,Turkish Branded,off_turkey,477.0,9.4,58.0,22.0,5.2
877052603,Eti Bidolu,Turkish Branded,off_turkey,524.0,8.2,53.0,30.0,3.8
877052603,sütlü çikolata 17 gr,Turkish Branded,off_turkey,536.0,7.4,58.0,30.0,
877052603,Yulaf Ezmesi İnce Öğütülmüş,Turkish Branded,off_turkey,360.0,14.0,66.0,7.5,13.0
877052604,Tutku,Turkish Branded,off_turkey,507.0,5.0,61.0,26.0,3.3
877052604,eti crax Acı Baharatlı Çubuk Kraker,Turkish Branded,off_turkey,433.0,9.9,68.0,13.0,3.7
877052605,Burçak Yulaflı,Turkish Branded,off_turkey,458.0,7.5,63.0,18.0,5.4
877052605,Eti Browni Gold,Turkish Branded,off_turkey,433.0,4.5,52.0,23.0,2.1
877052606,Eti Kakaolu Bisküvi,Turkish Branded,off_turkey,426.0,6.7,73.5,15.8,4.0
877052606,Burcak,Turkish Branded,off_turkey,455.0,8.0,62.0,18.0,5.8
877052606,Cin,Turkish Branded,off_turkey,423.0,4.7,69.0,14.0,2.5
877052606,Burçak Milk Chocolate Biscuits,Turkish Branded,off_turkey,491.0,7.3,61.0,23.0,4.1
877052606,Brownie Gold  Vişneli Çikolatalı Kek,Turkish Branded,off_turkey,450.0,4.7,57.0,22.0,2.3
877052606,Crax,Turkish Branded,off_turkey,436.0,8.1,68.0,14.0,2.8
877052606,Form Buğday patlağı,Turkish Branded,off_turkey,348.8,11.0,70.0,2.5,11.0
877052606,Gong Pops,Turkish Branded,off_turkey,494.0,4.4,66.0,23.0,2.9
877052606,Pop Kek Hindistan Cevizli,Turkish Branded,off_turkey,415.0,4.0,58.0,21.0,0.9
877052606,Maximus,Turkish Branded,off_turkey,490.0,7.2,64.0,24.0,2.7
877052606,Yulaf Ezmesi,Turkish Branded,off_turkey,344.0,14.0,66.0,7.7,13.0
877052606,Popkek Dark Chocolate,Turkish Branded,off_turkey,423.0,5.3,55.0,22.0,2.4
877052606,Browni Intense Gold,Turkish Branded,off_turkey,461.0,6.4,51.0,28.0,1.3
877052607,Eti puf kırmızı meyveli,Turkish Branded,off_turkey,382.0,3.5,74.0,7.6,1.1
877052607,Pop Kek Vişneli,Turkish Branded,off_turkey,431.0,4.8,56.0,21.0,1.8
877052607,BAHARATLI,Turkish Branded,off_turkey,472.0,10.0,62.0,18.0,4.4
877052607,Mısır Pirinç Patlağı Peynir Acı,Turkish Branded,off_turkey,442.0,7.5,68.0,15.0,3.1
877052607,Browni,Turkish Branded,off_turkey,455.0,4.5,53.0,24.0,4.1
877052607,Wanted nuts,Turkish Branded,off_turkey,511.0,14.0,45.0,29.0,8.0
877052608,Tutku bisküvi,Turkish Branded,off_turkey,507.0,5.0,61.0,26.0,3.3
877052608,Burçak Sütlü Kremalı,Turkish Branded,off_turkey,475.0,8.4,58.0,22.0,6.7
877052608,Eti pop kek limonlu,Turkish Branded,off_turkey,430.0,3.2,56.0,20.0,1.0
877052608,Eti Pop Kek Çikolata,Turkish Branded,off_turkey,439.0,4.8,57.0,21.0,1.7
877052608,Eti Pop Kek - Muzlu,Turkish Branded,off_turkey,420.0,5.6,59.0,19.0,1.2
877052608,Eti Goa Reiswafelln,Turkish Branded,off_turkey,454.0,5.5,70.0,16.0,3.0
877052608,Hoşbeş,Turkish Branded,off_turkey,495.0,6.5,63.0,23.0,3.3
877052608,Toplek,Turkish Branded,off_turkey,386.0,5.0,57.0,18.0,1.5
877052609,Topkek kakao ve Hindistan cevizi,Turkish Branded,off_turkey,395.0,5.5,52.0,20.0,5.0
877052609,Eti Form Bitter Çikolata Kaplı Lifli Bisküvi,Turkish Branded,off_turkey,441.0,6.9,62.0,16.0,8.2
877052609,Eti Pizza Kraker -,Turkish Branded,off_turkey,476.0,7.5,63.7,22.0,
877052609,ETI FORM,Turkish Branded,off_turkey,409.0,13.1,59.3,10.8,11.2
877052609,"Eti Form Hurma, İncir ve Çiyalı Tam Buğday Unlu Bisküvi",Turkish Branded,off_turkey,418.0,8.6,66.0,11.0,8.0
877052609,Lifalif Müsli Kuru Meyveli ve Fındıklı,Turkish Branded,off_turkey,369.0,11.0,58.0,8.5,8.8
877052609,Hosbes Kakao 160GRX19,Turkish Branded,off_turkey,497.0,7.1,63.0,23.0,3.6
877052609,Eti Hosbes Findik Kremali Gofret / Wafers W / Hazelnut Cream,Turkish Branded,off_turkey,504.0,8.2,60.0,25.0,3.4
877052609,Ети Карам,Turkish Branded,off_turkey,510.0,8.0,56.0,27.0,4.6
877052609,Alaska Frigo Sütlü Çikolatalı,Turkish Branded,off_turkey,328.0,3.8,36.0,18.0,2.0
877052609,Alasko Frigo Mozaik,Turkish Branded,off_turkey,341.0,6.0,40.0,17.0,2.8
877052619,Lifalif Kırmızı Meyveli Yulaf Bar,Turkish Branded,off_turkey,485.0,9.9,48.0,26.0,8.7
877052620,Karam Gurme Antep Fıstıklı,Turkish Branded,off_turkey,567.0,9.9,48.5,38.0,4.5
877052628,Frambuaz Lezzetli Turta,Turkish Branded,off_turkey,427.0,4.1,70.0,14.0,1.8
877052629,Burçak Tahıl Cips Fesleğenli,Turkish Branded,off_turkey,443.0,11.0,64.0,14.0,6.5
877052630,Lifalif Kuru Meyveli Yulaflı Bar,Turkish Branded,off_turkey,479.0,11.0,45.0,26.0,11.0
877052631,Fıstık Ezmeli Kremalı,Turkish Branded,off_turkey,497.0,17.0,51.0,24.0,4.4
877052633,eti cicibebe,Turkish Branded,off_turkey,470.0,6.2,67.0,20.0,2.7
877052635,Lifalif Ay Çekirdekli Domatesli Tuzlu Yulaf Bar,Turkish Branded,off_turkey,476.0,17.0,44.0,25.0,6.2
877052639,kajun baharatlı lifalif,Turkish Branded,off_turkey,469.0,17.0,45.0,23.0,6.6
877052644,Lifalif Cocoa Finely Ground Muesli,Turkish Branded,off_turkey,416.0,15.0,46.0,6.8,11.0
877052645,Pronot Glutensiz Sütlü Çikolata,Turkish Branded,off_turkey,546.0,5.4,58.0,32.0,2.5
877052645,eti çikolata bol sütlü 60 gr,Turkish Branded,off_turkey,544.0,9.8,51.0,33.0,4.1
877052648,Burçak Kurabi,Turkish Branded,off_turkey,486.0,9.3,50.0,26.0,7.3
877052653,Form,Turkish Branded,off_turkey,435.0,14.0,65.0,13.0,4.5
877052654,Pronot Glutensiz Bebek Bisküvisi,Turkish Branded,off_turkey,432.0,7.5,70.0,13.0,
877052656,Popkek Şeftali,Turkish Branded,off_turkey,440.0,5.5,57.7,22.0,1.7
877052660,Eti Burçak Bitkisel içerikli Çok Tahıllı Bisküvi,Turkish Branded,off_turkey,448.0,10.0,60.0,17.0,7.7
877052661,eti puf gold,Turkish Branded,off_turkey,414.0,5.3,74.0,10.0,
877052663,Whola,Turkish Branded,off_turkey,149.0,2.4,19.0,6.9,1.3
877052664,Eti Benimo Lokmalık Çikolatalı Bisküvi,Turkish Branded,off_turkey,450.0,5.3,62.0,20.0,2.7
877052666,Browni Selection,Turkish Branded,off_turkey,443.0,5.8,53.0,24.0,
877052667,Canga Antep Fıstıklı,Turkish Branded,off_turkey,530.0,11.0,48.0,32.0,4.0
877052668,Eti Burçak Kurabi Lokmalık,Turkish Branded,off_turkey,477.0,8.8,60.0,21.0,5.7
877052671,Karam %45 Kakaolu Antep Fıstıklı Çilek Bitter Çikolata,Turkish Branded,off_turkey,531.0,8.9,43.0,35.0,7.2
877052674,Petit Beurre,Turkish Branded,off_turkey,175.2,6.0,69.0,19.0,1.7
877052674,ETi Lifalif BİTTER ÇİKOLATALI YULAF BAR ✓Doğal Lif,Turkish Branded,off_turkey,474.0,11.0,52.0,23.0,9.8
877052678,Brownie Classic,Turkish Branded,off_turkey,410.0,6.8,48.0,23.0,1.9
877052678,Lifalif Granola Vişne Kakao Fındık,Turkish Branded,off_turkey,450.0,11.0,51.0,21.0,6.6
877052678,Kombo Lokmalık,Turkish Branded,off_turkey,508.0,6.4,61.0,26.0,3.2
877052679,Nero,Turkish Branded,off_turkey,487.0,8.2,59.0,23.0,4.5
877052679,Eti Form Kepekli,Turkish Branded,off_turkey,409.0,13.1,59.3,10.8,11.2
877052682,browni intense,Turkish Branded,off_turkey,458.0,6.8,50.0,27.0,
877052687,Yulaf Bar,Turkish Branded,off_turkey,472.0,11.0,48.0,24.0,10.0
877052687,Dare with Dark Chocolate,Turkish Branded,off_turkey,434.0,8.0,60.0,18.0,0.0
877052687,Kuru yemişli yulaf Bar,Turkish Branded,off_turkey,521.0,13.0,40.0,32.0,8.1
877052694,Canga Cookie,Turkish Branded,off_turkey,511.1,5.2,62.0,25.0,4.0
877052695,Çikolatalı Gofret,Turkish Branded,off_turkey,509.0,1.4,60.0,26.0,2.4
877052695,Browni Antep Fıstıklı,Turkish Branded,off_turkey,500.0,6.8,46.0,32.0,3.1
877052701,Aç Bitir Hindi Salam,Turkish Branded,off_turkey,185.0,12.0,5.0,13.0,
877052702,Klasik Dana Sucuk,Turkish Branded,off_turkey,428.0,16.0,1.0,40.0,
877052720,HİNDİ FÜME,Turkish Branded,off_turkey,89.0,15.0,5.0,1.0,
877052720,But Etli Hindi Füme,Turkish Branded,off_turkey,84.0,15.0,1.5,2.0,
877053301,Crax Baharatlı,Turkish Branded,off_turkey,472.0,9.8,64.0,19.0,3.1
877053301,Cheese Crackers,Turkish Branded,off_turkey,458.0,8.2,63.0,19.0,3.1
877053303,Eti Crax Çubuk Kraker,Turkish Branded,off_turkey,435.7,11.0,73.0,6.8,3.7
877053308,Cicibebe,Turkish Branded,off_turkey,443.0,4.7,73.6,14.0,2.0
877053309,Eti Form Zeytinli Kinoalı ve Kekikli Çok Tahıllı Çıtır Çubuk Kraker,Turkish Branded,off_turkey,386.0,11.0,64.0,8.0,6.5
877053373,Eti susamlı çubuk,Turkish Branded,off_turkey,463.0,10.0,61.0,19.0,4.5
877054719,Jelly melon flavoured,Turkish Branded,off_turkey,84.0,0.1,21.0,0.0,
877055091,Sarelle,Turkish Branded,off_turkey,549.0,6.5,53.9,33.5,3.3
877055801,Dimes,Turkish Branded,off_turkey,43.5,0.0,11.0,0.0,
877055802,Dimes Classic Frugt Mix Juice,Turkish Branded,off_turkey,37.6,0.0,9.6,0.0,0.0
877055803,Cool Lime Mix,Turkish Branded,off_turkey,132.0,0.0,33.2,0.0,
877055803,Obsesso Sütlü Latte,Turkish Branded,off_turkey,47.0,1.3,8.5,0.9,
877055803,Obsesso mocha çikolata,Turkish Branded,off_turkey,53.0,1.5,9.0,1.2,0.5
877055900,Iri Parcali Light Ton Baligi,Turkish Branded,off_turkey,120.0,23.0,0.1,3.3,
877055902,Ton Sızma Zeytinyağlı,Turkish Branded,off_turkey,355.0,27.0,0.5,18.8,
877055902,Tokyo Mix Sushida,Turkish Branded,off_turkey,142.0,4.2,21.9,3.4,3.2
877055902,Ton Zeytinyağlı,Turkish Branded,off_turkey,211.8,23.5,0.0,12.4,
877055902,Mısırlı ton,Turkish Branded,off_turkey,132.0,8.8,12.5,4.9,0.0
877055902,Meksika fasulyeli ton balığı,Turkish Branded,off_turkey,141.0,13.2,6.9,5.5,5.6
877055970,Teriyaki Chicken Sandwich,Turkish Branded,off_turkey,327.0,12.2,23.7,20.0,1.1
877056001,Breadcrumbs,Turkish Branded,off_turkey,355.0,10.7,74.8,0.6,3.9
877056500,Organik Yoğurt,Turkish Branded,off_turkey,74.0,4.2,6.5,3.5,
877056500,Fresh Cream Cheese,Turkish Branded,off_turkey,248.0,6.8,3.5,23.0,
877056501,High Protein Lactose-Free Vitamin Added 0.3% Fat UHT Milk With Vanilla Flavour,Turkish Branded,off_turkey,47.0,5.2,5.8,0.3,
877056501,Pınar Protein Kakaolu Süt,Turkish Branded,off_turkey,10.0,5.2,6.5,0.3,
877056501,Kefir,Turkish Branded,off_turkey,45.0,2.8,4.7,1.7,
877056501,Denge Laktozsuz Yoğurt,Turkish Branded,off_turkey,58.0,4.4,6.8,1.5,
877056501,Protein Çilek,Turkish Branded,off_turkey,47.0,5.2,5.9,0.3,0.0
877056501,Pinar boisson melangee au lait écrémé sans lactose,Turkish Branded,off_turkey,46.0,5.2,5.6,0.3,
877056502,Pınar Kido süt 180 çilek,Turkish Branded,off_turkey,57.0,2.8,8.8,1.2,
877056502,Pınar kido süt 180 kakaolu,Turkish Branded,off_turkey,59.0,2.8,9.2,1.2,
877056502,Protein coffee milk,Turkish Branded,off_turkey,48.0,5.2,6.1,0.3,
877056502,PINAR YARIM YAĞLI Süt,Turkish Branded,off_turkey,40.0,3.0,4.8,1.0,0.0
877056502,Doğal Yoğurt,Turkish Branded,off_turkey,52.0,4.4,6.4,1.0,0.0
877056502,Lezzetin Alası Doğal Yoğurt,Turkish Branded,off_turkey,73.0,4.0,5.2,4.0,
877056502,Pınar Yarım Yağlı Süt 1L,Turkish Branded,off_turkey,36.0,3.0,4.9,0.5,0.0
877056503,High Protein Lactose-Free 0.3% Fat UHT Milk,Turkish Branded,off_turkey,43.0,5.2,4.9,0.3,
877056510,Pinar Süt 1 lt,Turkish Branded,off_turkey,64.0,3.3,4.8,3.5,
877057411,Ice Tea Lemon,Turkish Branded,off_turkey,13.0,0.0,3.1,0.0,
877057411,2.5 litre pepsi,Turkish Branded,off_turkey,28.0,0.0,7.0,0.0,0.0
877057411,Pepsi 1litre,Turkish Branded,off_turkey,28.0,0.0,7.0,0.0,
877057411,Ice Tea Tropikal,Turkish Branded,off_turkey,1.0,0.0,0.0,0.0,0.0
877057502,Tamek biber salçası 540gr,Turkish Branded,off_turkey,71.0,4.5,12.4,0.0,1.8
877057504,Patlıcan kızartma,Turkish Branded,off_turkey,98.0,0.8,0.7,10.2,2.0
877057505,Kuru patlıcan dolma,Turkish Branded,off_turkey,114.0,1.7,16.6,4.5,1.0
877057510,Ekstra Geleneksel Vişne Reçeli,Turkish Branded,off_turkey,245.0,0.8,60.2,0.0,0.4
877057701,Söke Un,Turkish Branded,off_turkey,337.0,11.2,74.8,1.4,3.0
877057902,Filiz Sade Şehriye Makarna,Turkish Branded,off_turkey,358.0,11.0,72.2,2.0,3.5
877057902,Tel şehriye,Turkish Branded,off_turkey,358.0,11.0,72.2,2.0,3.5
877057906,Makarna,Turkish Branded,off_turkey,358.0,11.5,71.7,2.0,3.5
877057914,Barilla makarna,Turkish Branded,off_turkey,359.0,12.5,71.2,2.0,3.0
877057914,Penne rigate,Turkish Branded,off_turkey,359.0,12.5,71.2,2.0,3.0
877057914,Farfalle #65,Turkish Branded,off_turkey,359.0,12.5,71.2,2.0,
877058581,Tadıbu,Turkish Branded,off_turkey,553.0,15.8,36.3,37.0,6.2
877062410,Leys Yoğurt Mevsim Yeşillikleri,Turkish Branded,off_turkey,537.0,6.2,52.0,33.0,3.8
877062410,Classic Plain Potato Chips Mega Size,Turkish Branded,off_turkey,551.0,6.6,51.0,35.0,4.5
877062410,lay's,Turkish Branded,off_turkey,542.0,5.8,51.9,33.7,3.8
877062410,Yoğurt & Mevsim Yeşillikleri Çeşnili birlik,Turkish Branded,off_turkey,537.0,6.2,52.0,33.0,3.8
877062410,Ruffles ketchup,Turkish Branded,off_turkey,535.0,5.9,52.2,32.7,
877062410,Lays Fırından,Turkish Branded,off_turkey,448.0,5.3,66.4,17.1,3.6
877062410,Yoğurt ve mevsim yeşillikli,Turkish Branded,off_turkey,517.0,6.9,52.0,30.0,4.4
877062410,Fırından Yoğurt ve Mevsim Yeşillikli Patetes Cipsi,Turkish Branded,off_turkey,457.0,5.9,68.0,17.0,4.8
877062410,Originals - Sade Patates,Turkish Branded,off_turkey,526.0,6.6,51.0,32.0,4.5
877062410,Parmesan & Pesto Sos Tadında Cips,Turkish Branded,off_turkey,509.0,5.9,58.5,29.0,4.5
877062410,Deniz Tuzlu ve Trüf Mantarı Aromalı Patates Cipsi,Turkish Branded,off_turkey,513.0,5.8,54.0,30.0,4.5
877062420,Doritos,Turkish Branded,off_turkey,382.3,5.3,44.6,20.0,3.0
877062420,Doritos Naco Pyenir,Turkish Branded,off_turkey,503.0,7.2,57.4,26.3,
877062420,Nacho,Turkish Branded,off_turkey,508.0,7.2,1.8,26.3,
877062420,Doritos hot corn,Turkish Branded,off_turkey,484.0,6.8,0.0,25.6,4.0
877062420,Taco Baharatlı,Turkish Branded,off_turkey,497.0,6.9,58.0,26.0,4.0
877062420,Peynirli Mısır Cipsi,Turkish Branded,off_turkey,503.0,7.2,57.0,26.0,3.7
877062430,Cheese and onion-flavored corn chips,Turkish Branded,off_turkey,542.0,4.7,55.7,36.1,2.6
877062430,Chips mais,Turkish Branded,off_turkey,513.0,4.8,66.5,24.7,2.8
877062430,Çerezza popcorn,Turkish Branded,off_turkey,530.0,9.6,63.0,24.0,12.3
877062430,Çerezza Kokteyl,Turkish Branded,off_turkey,514.0,5.1,65.0,25.0,3.5
877062430,Yer Fıstıklı,Turkish Branded,off_turkey,503.0,7.5,64.6,23.0,3.8
877062430,Dev yer fıstıklı,Turkish Branded,off_turkey,528.0,1.8,59.0,28.0,1.0
877062922,Dr Oetker Do Whipped Cream,Turkish Branded,off_turkey,188.0,2.7,21.7,10.0,0.0
877062931,Pirinç Unu,Turkish Branded,off_turkey,353.0,6.2,78.0,1.5,1.1
877062944,Keçiboynuzu Unu,Turkish Branded,off_turkey,432.0,4.6,89.0,0.7,26.0
877063201,Crunch,Turkish Branded,off_turkey,535.5,7.4,64.5,18.1,0.0
877063201,Nescafé,Turkish Branded,off_turkey,36.0,0.1,5.2,1.0,0.4
877063201,Nescafe 2si bir arada,Turkish Branded,off_turkey,21.0,0.1,2.8,1.0,0.3
877063201,2 si 1 Arada,Turkish Branded,off_turkey,420.0,3.0,55.0,19.0,6.0
877063202,Bitter çikolata,Turkish Branded,off_turkey,504.0,8.3,42.0,31.0,11.0
877063202,Latte,Turkish Branded,off_turkey,38.0,0.1,6.7,1.1,
877063204,Gold Corn Flakes,Turkish Branded,off_turkey,376.0,7.1,85.6,1.9,5.6
877063204,Coffee mocha 3 in 1,Turkish Branded,off_turkey,47.0,0.5,8.0,1.4,
877063204,Gofret,Turkish Branded,off_turkey,513.0,7.2,63.0,26.0,
877063204,Nesquik cacao milk,Turkish Branded,off_turkey,62.0,2.8,10.0,1.2,
877063204,Strawberry Milk,Turkish Branded,off_turkey,64.4,2.9,10.6,1.2,
877063206,Duo,Turkish Branded,off_turkey,528.9,6.1,60.5,28.9,
877063224,Çilek Kare,Turkish Branded,off_turkey,393.0,7.2,73.0,6.5,6.9
877063224,bol sütlü çikolata,Turkish Branded,off_turkey,533.0,8.8,57.0,30.0,
877063224,damak Chocolate,Turkish Branded,off_turkey,563.0,8.6,52.0,35.0,2.7
877063224,1927 Sütlü Çikolata,Turkish Branded,off_turkey,136.0,2.3,13.0,8.1,0.7
877063224,Nescafe express hindistan cevizli ve badem aromali kahveli içecek,Turkish Branded,off_turkey,38.8,0.9,6.4,1.0,0.4
877063253,damak karamel krokan,Turkish Branded,off_turkey,560.0,10.0,50.0,35.0,1.1
877063255,KitKat chunky cookie crumble,Turkish Branded,off_turkey,525.0,6.4,63.0,27.0,
877063270,1927 bitter gofret,Turkish Branded,off_turkey,514.0,5.3,59.0,28.0,4.5
877063270,1927 fındık kremalı,Turkish Branded,off_turkey,495.0,7.2,65.0,23.0,1.6
877063271,nestle damak stick,Turkish Branded,off_turkey,558.0,7.4,55.0,33.0,1.7
877063276,Nesquik Cereal,Turkish Branded,off_turkey,112.0,2.5,22.0,0.9,2.6
877063276,White Chocolate,Turkish Branded,off_turkey,552.0,8.0,57.0,32.0,
877063276,Nescafe xpress original,Turkish Branded,off_turkey,39.2,1.0,6.2,1.0,0.5
877063276,NESCAFE Xpress Café Choco,Turkish Branded,off_turkey,52.0,1.5,8.1,1.3,0.9
877063276,8690632762883,Turkish Branded,off_turkey,50.0,1.6,8.0,1.2,0.5
877063276,Nescafe soğuk,Turkish Branded,off_turkey,25.0,0.2,5.8,0.0,
877063276,şekersiz cafe latte,Turkish Branded,off_turkey,26.0,1.3,2.3,1.1,0.8
877063276,Damak Ala Beyaz Gofret,Turkish Branded,off_turkey,546.7,10.7,53.3,32.7,0.3
877063276,Artizan İşi Tuzlu Karamel & Fındık,Turkish Branded,off_turkey,547.0,9.2,52.0,33.0,2.6
877063276,Artizan İşi Fındıklı & Fındık Ezmeli Beyaz Çikolata,Turkish Branded,off_turkey,567.0,10.0,50.0,36.0,0.6
877063299,Damak gece,Turkish Branded,off_turkey,540.0,8.7,44.0,35.0,8.4
877063503,Tomato Paste,Turkish Branded,off_turkey,103.0,3.8,23.0,0.0,
877063515,Tat kechup,Turkish Branded,off_turkey,128.0,1.3,30.2,0.2,
877063530,Mayonez,Turkish Branded,off_turkey,415.0,0.3,14.0,40.0,
877063543,Hardal,Turkish Branded,off_turkey,76.0,4.6,7.3,4.6,
877063750,Tavuk Suyu Bulyon,Turkish Branded,off_turkey,278.0,6.1,20.6,19.0,3.0
877063782,Cornetto classico çikolata,Turkish Branded,off_turkey,270.0,4.2,33.0,13.0,1.8
877063784,algida klasik vanilya,Turkish Branded,off_turkey,289.0,3.0,26.0,19.0,0.8
877063792,Cheddar Sos,Turkish Branded,off_turkey,329.0,0.9,8.2,32.0,
877068400,napoliten makarna sos,Turkish Branded,off_turkey,58.0,1.4,8.4,1.7,1.7
877068490,Rotini Glutensiz,Turkish Branded,off_turkey,366.0,14.1,70.7,1.7,5.6
877069017,Vişne - Elma Suyu,Turkish Branded,off_turkey,167.0,0.5,9.5,,
877069850,Tost Ekmeği,Turkish Branded,off_turkey,263.0,6.8,54.5,2.0,2.0
877069851,Çok Tahıllı Ekmek,Turkish Branded,off_turkey,240.0,11.9,41.6,2.8,6.0
877069851,Grissuno,Turkish Branded,off_turkey,430.0,13.7,71.0,12.0,8.0
877069851,Otantik Tava Ekmeği,Turkish Branded,off_turkey,245.0,12.5,44.8,1.0,3.4
877069851,Tam Buğdaylı Tava Ekmeği,Turkish Branded,off_turkey,239.0,10.7,48.8,1.5,6.1
877069851,Çavdarlı tava ekmeği,Turkish Branded,off_turkey,231.0,10.4,43.6,0.7,4.4
877069851,Karışık Tahıllı Ekmek,Turkish Branded,off_turkey,272.0,12.1,42.4,5.8,5.5
877069851,Premium Çavdarlı ve Karabuğdaylı Ekmek,Turkish Branded,off_turkey,468.0,11.4,40.8,1.0,7.0
877071003,Tahin Sesampaste,Turkish Branded,off_turkey,695.0,25.7,13.6,57.1,12.1
877071013,Pismaniye,Turkish Branded,off_turkey,443.0,1.5,85.7,10.2,1.0
877071014,Tahin helva,Turkish Branded,off_turkey,564.0,15.4,40.3,37.0,40.0
877072339,Uludağ limonata 1 lt şekersiz,Turkish Branded,off_turkey,4.0,0.0,0.7,0.0,
877072406,Kasar Cheese Full Fat Fresh,Turkish Branded,off_turkey,328.0,25.0,1.0,25.0,
877076600,ÜLKER ÇİZİ,Turkish Branded,off_turkey,456.0,7.7,61.0,20.0,1.8
877076606,Dankek Bites,Turkish Branded,off_turkey,422.0,6.2,51.0,21.0,1.7
877076608,Rulokat,Turkish Branded,off_turkey,499.0,6.8,63.0,24.0,2.8
877076608,Digestive nibbles milk chocolate,Turkish Branded,off_turkey,509.0,7.5,64.7,24.0,2.0
877076614,Caramio Karamel,Turkish Branded,off_turkey,497.0,6.2,60.0,25.0,1.9
877076716,Yogurt,Turkish Branded,off_turkey,73.0,4.0,5.8,3.8,
877076767,Sütaş süt 1 litre yarım yağlı,Turkish Branded,off_turkey,44.0,3.0,4.7,1.5,
877076767,Meyveli Yoğurt Orman Meyveleri,Turkish Branded,off_turkey,84.0,3.0,13.6,2.0,
877076767,Meyveli yoğurt,Turkish Branded,off_turkey,84.0,3.0,13.6,2.0,
877076767,Süzme Yoğurt,Turkish Branded,off_turkey,97.0,8.0,3.9,5.5,0.0
877076767,Sütaş Tava Yoğurt,Turkish Branded,off_turkey,96.0,4.5,7.0,5.5,0.0
877076767,Sütaş süzme peynir 250,Turkish Branded,off_turkey,218.0,11.0,3.0,18.0,3.0
877076771,Kaymaklı Yoğurt,Turkish Branded,off_turkey,66.0,4.0,5.8,3.0,
877076771,Sütaş labne 400,Turkish Branded,off_turkey,203.0,4.4,6.5,18.0,0.0
877076771,Laktozsuz Süt Yarım Yağlı,Turkish Branded,off_turkey,44.0,3.0,4.7,1.5,
877076771,Sütaş kaşar 600,Turkish Branded,off_turkey,325.0,24.0,1.0,25.0,
877077710,Çiçek Bamya,Turkish Branded,off_turkey,22.0,2.0,4.0,0.0,
877077756,Delikatessen Sauerkonserven,Turkish Branded,off_turkey,23.1,2.3,3.9,0.0,3.1
877078713,Kavrulmuş Tuzlu Yer Fıstığı,Turkish Branded,off_turkey,576.0,22.0,29.0,44.0,12.0
877078718,Mixed Cocktail,Turkish Branded,off_turkey,512.0,15.9,35.1,32.5,
877078725,Ay çekirdeği,Turkish Branded,off_turkey,512.0,27.8,23.7,31.2,0.0
877078726,Roasted sunflower,Turkish Branded,off_turkey,559.0,27.4,18.1,39.3,
877078731,Noix de Cajou,Turkish Branded,off_turkey,599.0,19.9,18.6,47.2,
877078734,Fıstıxx - Barbekü sos aromalı yer fıstık,Turkish Branded,off_turkey,537.3,22.1,13.2,47.3,10.4
877078736,Kuru Kayısı,Turkish Branded,off_turkey,298.0,2.5,69.0,0.5,5.3
877078750,Tadimca,Turkish Branded,off_turkey,566.7,14.0,44.0,32.0,2.9
877078754,Yer Fıstıklı Bar,Turkish Branded,off_turkey,533.0,12.0,54.0,30.0,2.0
877079201,Jus au pêche,Turkish Branded,off_turkey,48.2,0.8,10.9,0.0,0.9
877080432,Manti Türkische Teigwaren,Turkish Branded,off_turkey,360.0,12.0,72.0,1.2,5.1
877080434,okra Sultani Bamya,Turkish Branded,off_turkey,24.0,1.5,2.4,0.5,0.9
877084017,Yupo Jelly,Turkish Branded,off_turkey,324.0,5.1,74.9,0.1,
877084309,Dilimli Tost Peyniri,Turkish Branded,off_turkey,307.0,22.0,3.0,23.0,
877084309,White cheese (beyaz peynir),Turkish Branded,off_turkey,223.0,14.0,3.5,17.0,
877084309,Rende Mozarella Peyniri,Turkish Branded,off_turkey,316.0,23.0,2.0,24.0,
877084309,Laktozsuz süzme peynir,Turkish Branded,off_turkey,158.0,14.0,3.0,10.0,
877087610,Ayçiçek Yağı,Turkish Branded,off_turkey,819.0,0.0,0.0,91.0,
877093100,Tereyağı,Turkish Branded,off_turkey,741.6,0.3,0.6,82.0,
877094900,Date bar CHIA,Turkish Branded,off_turkey,447.5,4.4,18.5,4.8,6.4
877094900,Chocolate Brownie,Turkish Branded,off_turkey,483.3,6.7,29.5,26.0,2.8
877098201,Fıstık Ezmesi,Turkish Branded,off_turkey,611.0,21.0,17.6,48.9,83.0
877098201,Çiğ Badem İçi,Turkish Branded,off_turkey,642.0,25.8,12.8,54.1,13.0
877102606,Kremfıstık Klasik Fıstık Ezmesi,Turkish Branded,off_turkey,599.0,23.0,27.0,46.0,7.0
877109000,grissini sade zyag,Turkish Branded,off_turkey,375.0,11.6,73.4,3.9,6.1
877121601,Goldbears,Turkish Branded,off_turkey,336.7,6.7,76.7,0.0,
877121602,Haribo worms,Turkish Branded,off_turkey,343.3,6.7,83.3,0.0,0.0
877121604,Haribo jelly beans,Turkish Branded,off_turkey,372.0,1.3,91.1,0.1,
877122515,Kahvaltılık Lor,Turkish Branded,off_turkey,221.7,12.0,2.8,18.0,
877122515,Lor Peyniri,Turkish Branded,off_turkey,34.9,19.0,3.3,3.8,
877131652,Tam Yağlı Yoğurt,Turkish Branded,off_turkey,36.5,1.9,3.0,1.9,0.0
877131652,Eker beyaz peynir 500,Turkish Branded,off_turkey,230.0,16.0,1.0,18.0,
877131652,Efsane Yogurt,Turkish Branded,off_turkey,84.0,4.5,7.1,3.8,
877131652,Homojenize Yarım Yağlı Yoğurt,Turkish Branded,off_turkey,54.0,4.0,6.2,1.5,0.0
877131652,Kaymaklı tava yoğurt,Turkish Branded,off_turkey,91.0,4.7,7.3,4.8,0.0
877131652,Keşkül,Turkish Branded,off_turkey,131.0,2.5,20.0,4.5,
877131652,Çilekli Probiyotik Yoğurt,Turkish Branded,off_turkey,78.0,3.7,11.5,1.9,0.0
877131652,İncirli Yulaflı Probiyotik Yoğurt,Turkish Branded,off_turkey,71.0,3.5,11.5,1.8,0.0
877131652,Çırpılmış Yoğurt,Turkish Branded,off_turkey,71.0,4.5,4.6,3.8,
877131652,Kazandibi,Turkish Branded,off_turkey,126.0,2.5,20.0,4.0,
877140566,Ilikli Kemik Suyu,Turkish Branded,off_turkey,19.3,4.1,0.1,0.3,0.0
877144071,Basmati Pirinç,Turkish Branded,off_turkey,345.0,8.5,74.4,1.1,1.5
877152060,Yarım Yağlı Süt,Turkish Branded,off_turkey,44.0,3.0,4.7,1.5,
877157307,burcu Yaprak Sarmasi,Turkish Branded,off_turkey,140.0,2.4,16.0,7.4,4.2
877164108,şekerli fındık ezmesi,Turkish Branded,off_turkey,579.0,11.0,37.9,40.5,
877170706,Ozmo fun,Turkish Branded,off_turkey,536.0,8.4,52.9,31.4,4.0
877170706,Biscolata,Turkish Branded,off_turkey,523.0,6.3,59.1,28.6,2.2
877170708,Crackers olive et thym,Turkish Branded,off_turkey,420.0,9.6,61.6,18.0,
877170709,Amada Duomax,Turkish Branded,off_turkey,498.0,7.0,59.0,25.1,4.2
877170709,Boombastic,Turkish Branded,off_turkey,503.0,8.7,56.4,25.8,5.2
877170709,Crazy shin,Turkish Branded,off_turkey,145.0,2.0,15.0,8.0,2.0
877170709,Nutymax,Turkish Branded,off_turkey,58.0,0.8,6.7,2.9,0.6
877170714,Biscolata stix choclate and bisquit,Turkish Branded,off_turkey,556.0,8.5,52.3,34.0,3.0
877170716,Stix milk chocolate stick with caramel,Turkish Branded,off_turkey,472.0,8.5,68.0,18.0,4.1
94920124,Puf Kakao,Turkish Branded,off_turkey,409.0,3.2,77.0,9.4,2.1
94920292,Cin Çilek Soslu Bisküvi,Turkish Branded,off_turkey,425.0,3.4,76.3,11.7,2.8
877209534,Protein Quark,Turkish Branded,off_turkey,50.9,12.0,4.0,2.0,
877209534,Quark Yoğurt Kayısı Kinoa,Turkish Branded,off_turkey,64.3,3.2,8.9,1.7,
877209534,Quark Çilek,Turkish Branded,off_turkey,90.0,4.5,12.5,2.4,0.0
877209534,Quark Yaban Mersini,Turkish Branded,off_turkey,64.3,4.5,12.5,2.4,0.0
877209534,Quark Ananas,Turkish Branded,off_turkey,90.0,4.5,12.5,2.4,0.0
877209534,Quark sade,Turkish Branded,off_turkey,97.0,8.6,4.5,5.0,
877209534,Protein 27g,Turkish Branded,off_turkey,62.0,8.2,6.5,0.3,0.0
877209534,Yüksek Proteinli Hindistan Cevizi Aromalı %0.2 Yağlı Laktozsuz UHT Süt,Turkish Branded,off_turkey,59.0,8.2,6.0,0.2,
877209534,Laktozsuz Yoğurt,Turkish Branded,off_turkey,48.0,4.0,4.7,1.5,0.0
877209534,Aktif Probiyotik Kefir Şeftalili ve Ananaslı,Turkish Branded,off_turkey,67.0,2.7,9.5,2.0,0.0
877213466,Süt Reçeli,Turkish Branded,off_turkey,356.0,7.6,64.7,7.3,0.4
877222000,Erpiliç,Turkish Branded,off_turkey,141.0,30.6,0.0,1.2,
877222000,Hindi külnastı,Turkish Branded,off_turkey,115.0,20.0,2.4,2.8,0.0
877242480,DUDOMİ NOODLE AŞKI,Turkish Branded,off_turkey,476.0,7.0,45.8,29.1,1.9
94924979,ETİ Karam Sticks Bitter Çikolata,Turkish Branded,off_turkey,510.0,1.4,64.3,18.6,37.1
94926249,Limon Lifli Kepekli Bisküvi,Turkish Branded,off_turkey,472.0,6.4,77.2,12.5,
877280632,Invite donut cake,Turkish Branded,off_turkey,387.0,4.5,56.4,16.1,1.1
877281300,Kızılay Plus Bağışıklık,Turkish Branded,off_turkey,3.0,0.0,0.7,0.0,0.0
877288631,Kefirix Probiyotik Yaban Mersinli,Turkish Branded,off_turkey,77.0,2.7,10.0,2.8,0.0
877297141,Çikolatalı Süt,Turkish Branded,off_turkey,62.0,3.0,9.0,1.5,
877297141,"Doğal Süt %0,5 Yağlı",Turkish Branded,off_turkey,36.0,3.1,4.7,0.5,0.0
877297142,İçim Rahat Laktozsuz Yoğurt,Turkish Branded,off_turkey,48.0,4.0,4.7,1.5,0.0
877297142,içim kaymaksiz yoğurt 500,Turkish Branded,off_turkey,69.0,4.0,4.6,3.8,
877297142,içim kefir,Turkish Branded,off_turkey,58.0,2.7,8.4,1.5,0.0
877297143,Pesto Soslu Labne,Turkish Branded,off_turkey,158.0,3.6,5.5,13.5,
877297143,Labne,Turkish Branded,off_turkey,189.0,4.5,1.5,17.0,1.5
877297143,Cheddarlı Krem Peynir,Turkish Branded,off_turkey,202.0,12.6,4.0,15.1,
877297143,İçim kaşar 600,Turkish Branded,off_turkey,335.6,23.1,1.8,26.2,
877297143,İçim süzme peynir 500,Turkish Branded,off_turkey,219.0,11.0,2.0,18.5,
877297143,Rende Mozzarella Peyniri,Turkish Branded,off_turkey,302.2,22.5,0.5,22.0,
877297143,içim fit protein kahveli,Turkish Branded,off_turkey,47.0,6.0,5.4,0.1,
877297143,İçim labne 400,Turkish Branded,off_turkey,189.0,4.5,4.5,17.0,
877297143,İçim üçgen peynir 100,Turkish Branded,off_turkey,192.0,13.0,3.5,14.0,
877297143,Strawberry Protein Milk,Turkish Branded,off_turkey,50.0,6.5,5.8,0.1,
877297143,İçim Yüksek Proteinli Laktozsuz Kakaolu Yağsız UHT İçme Sütü,Turkish Branded,off_turkey,47.0,6.5,5.0,0.1,
877297143,Coffee Protein Milk,Turkish Branded,off_turkey,49.0,6.5,5.4,0.1,
877297147,İçim süt 180 muzlu,Turkish Branded,off_turkey,57.8,2.8,9.2,1.2,
877302970,Gusto Croissant,Turkish Branded,off_turkey,428.1,5.9,46.9,24.2,2.2
877322805,Tam Yağlı Ayran,Turkish Branded,off_turkey,36.0,2.0,2.5,2.0,
877327500,Gürsoy Fındık Ezmesi,Turkish Branded,off_turkey,530.0,12.0,36.0,41.0,13.0
877335400,Fermente Pancar İçeceği Kvass,Turkish Branded,off_turkey,7.0,0.0,1.0,0.0,0.7
877337425,Haşlanmış Fasulye,Turkish Branded,off_turkey,113.0,7.8,12.6,1.5,8.9
877337425,Bulgur Pilaf with Chickpeas,Turkish Branded,off_turkey,171.0,4.4,25.9,5.0,2.4
877337425,Bulghur pilaff,Turkish Branded,off_turkey,150.0,5.0,26.0,3.0,2.0
877337425,Nohutlu Karabuğday Pilavı,Turkish Branded,off_turkey,177.0,4.5,31.4,5.8,8.9
877337427,CHIA TOHUMU / CHIA SEED,Turkish Branded,off_turkey,446.0,23.2,1.6,31.4,31.9
877340700,smoked beef,Turkish Branded,off_turkey,92.0,17.0,1.0,2.0,
877340700,Dana Jambon,Turkish Branded,off_turkey,101.0,13.0,5.0,3.0,
877363890,Tahini,Turkish Branded,off_turkey,648.0,20.0,11.0,56.0,10.0
877388700,Gkav,Turkish Branded,off_turkey,598.0,11.6,37.0,43.0,
877400200,Kalaycıoğlu Tahin,Turkish Branded,off_turkey,646.0,24.1,14.5,53.9,14.9
877402391,Granola Oat And Cocoa,Turkish Branded,off_turkey,453.3,10.0,65.3,15.7,5.9
877402391,"Ballı, Keten Tohumlu Granola",Turkish Branded,off_turkey,461.0,10.3,61.8,17.8,6.0
877402391,"Granola yulafli,kakaolu",Turkish Branded,off_turkey,454.0,10.0,65.3,15.7,5.9
877402391,Honey Wheat Rice Pops,Turkish Branded,off_turkey,399.0,9.4,76.0,5.2,5.2
877402391,Corn Flakes,Turkish Branded,off_turkey,380.0,7.8,80.0,2.5,2.6
877441515,Tam yağlı kaymaklı yoğurt,Turkish Branded,off_turkey,90.0,5.8,6.3,5.5,0.0
877458713,Çikolatalı Sos,Turkish Branded,off_turkey,275.0,1.4,61.0,2.0,1.0
877460300,Sauce bourguignonne,Turkish Branded,off_turkey,365.0,1.0,7.0,37.0,
877460308,Sauce crudité,Turkish Branded,off_turkey,287.0,0.9,4.4,29.0,
877460308,Sauce crudités,Turkish Branded,off_turkey,287.0,0.9,4.4,29.0,
877460308,Sauce crudités nature légère,Turkish Branded,off_turkey,153.0,1.0,5.8,13.9,
877491801,Glutensiz Browni Karışımı,Turkish Branded,off_turkey,359.0,10.0,72.4,2.0,0.0
877496201,Full Fat Milk,Turkish Branded,off_turkey,58.0,2.9,4.5,3.1,
877496201,Tarım Kredi Çilekli Yoğurt,Turkish Branded,off_turkey,89.0,3.0,14.5,2.1,0.0
94949712,Uludağ furitti narlı,Turkish Branded,off_turkey,37.0,0.0,9.1,0.0,
94949743,Frutti Apple Soda,Turkish Branded,off_turkey,34.0,0.0,8.4,0.0,
877507700,Yurdum Bezelye Konservesi,Turkish Branded,off_turkey,59.0,6.0,11.0,0.4,
877507700,Dudi Çikolata Kaymak Kornet Dondurma,Turkish Branded,off_turkey,196.0,3.9,26.0,8.3,1.0
877507700,DOST Kakaolu Süt,Turkish Branded,off_turkey,56.0,2.8,8.0,1.5,
877507700,bran bread,Turkish Branded,off_turkey,227.0,10.4,38.4,1.9,7.0
877507700,Dost Doğal yoğurt,Turkish Branded,off_turkey,69.0,4.0,4.6,3.8,0.0
877507700,kmecik,Turkish Branded,off_turkey,260.0,10.3,44.7,3.5,
877507700,Hamburger Ekmeği,Turkish Branded,off_turkey,264.0,10.5,44.5,4.0,
877507700,Dost yoğurt,Turkish Branded,off_turkey,72.0,4.0,5.1,4.0,0.0
877507700,Tava yoğurt,Turkish Branded,off_turkey,91.0,4.7,5.5,5.5,
877507701,Tam Buğday unlu ekmek,Turkish Branded,off_turkey,234.0,11.0,39.9,2.0,5.9
877507701,Dost süzme yoğurt,Turkish Branded,off_turkey,115.0,8.0,5.0,7.0,
877507701,Meyveli Şeftalili Kayısılı Yoğurt,Turkish Branded,off_turkey,87.0,3.0,14.0,1.4,1.4
877507701,VIP Coffee,Turkish Branded,off_turkey,448.0,4.0,81.5,12.0,
877507701,Ma Sante Tiramisu,Turkish Branded,off_turkey,267.0,6.1,33.7,12.0,
877507702,Peripella Kakaolu Fındıklı Krema,Turkish Branded,off_turkey,561.0,5.3,58.8,33.9,3.4
877507702,Findik Ezmesi,Turkish Branded,off_turkey,591.0,10.5,38.3,42.0,0.0
877507702,Pilavlık Pirinç,Turkish Branded,off_turkey,344.0,7.1,77.9,0.7,0.7
877507702,MEZGIT FILETO,Turkish Branded,off_turkey,88.0,18.6,0.0,1.3,
877507702,Canned Corn,Turkish Branded,off_turkey,71.0,2.5,11.0,1.2,3.1
877507702,Pratik Haşlanmış Bezelye Konservesi,Turkish Branded,off_turkey,52.0,4.0,7.5,0.5,
877507702,Harras Baharat Çeşnili Patates Cipsi,Turkish Branded,off_turkey,517.0,5.6,58.8,29.8,4.7
877507702,Harras Yoğurt Ve Mevsim Yeşillik Çeşnili Patates Cips,Turkish Branded,off_turkey,503.0,5.7,62.4,34.4,4.6
877507702,Acı Biber Çeşnili Patates Cipsi,Turkish Branded,off_turkey,511.0,7.7,54.7,30.0,4.1
877507702,Tam Yağlı Homojenize Yoğurt,Turkish Branded,off_turkey,70.0,4.0,4.6,4.0,
877507702,Tava Yoğurdu,Turkish Branded,off_turkey,88.0,4.7,5.0,5.5,
877507702,Dana-kuzu Tekirdağ Köfte,Turkish Branded,off_turkey,280.0,12.0,1.5,24.0,0.0
877507703,Kırmızı Pul Biber,Turkish Branded,off_turkey,363.0,1.6,62.3,11.9,0.0
877507703,Kahvaltılık Acı Sos,Turkish Branded,off_turkey,152.0,4.7,14.4,9.2,0.0
877507703,Ton Balığı İri Parçalı,Turkish Branded,off_turkey,190.0,24.8,0.8,9.3,
877507703,Cheddar Cheese,Turkish Branded,off_turkey,314.0,20.0,2.3,25.0,
877507703,Waffle,Turkish Branded,off_turkey,452.0,7.6,49.0,25.0,1.7
877507704,Peanut,Turkish Branded,off_turkey,581.0,21.7,13.7,48.8,
877507704,Jambonlu Mantarlı Pizza,Turkish Branded,off_turkey,245.0,11.0,27.5,9.8,1.5
877507704,Sucuklu Zeytinli Pizza,Turkish Branded,off_turkey,275.0,12.0,24.0,14.0,2.0
877507705,Galeta,Turkish Branded,off_turkey,200.0,12.0,65.1,7.3,9.5
877507705,Apple And Sour Cherry Juice,Turkish Branded,off_turkey,44.0,0.5,10.4,0.1,
877507705,Fiyonk Makarna,Turkish Branded,off_turkey,356.0,11.0,74.0,1.1,3.2
877507705,Crabberry Turna Yemişi Kurutulmuş/Dried,Turkish Branded,off_turkey,345.0,2.0,82.0,0.5,0.0
877507706,Küp Şeker,Turkish Branded,off_turkey,400.0,0.0,100.0,0.0,
877507707,Serel,Turkish Branded,off_turkey,684.0,25.4,0.0,62.8,8.6
877507707,müsli,Turkish Branded,off_turkey,349.0,8.9,60.6,5.6,10.1
877507707,Yerli Pilavlık Pirinç,Turkish Branded,off_turkey,346.0,6.4,79.0,0.6,0.3
877507708,Harras Peynir Çeşnili Mısır Cips,Turkish Branded,off_turkey,481.1,6.7,69.1,20.6,3.9
877507708,Dostino mey. Yoğurt,Turkish Branded,off_turkey,111.0,4.2,16.0,3.4,0.0
877507709,Organik Süt %3 Yağlı,Turkish Branded,off_turkey,57.0,3.0,4.7,3.0,0.0
877507709,Sourdough Baguette,Turkish Branded,off_turkey,251.0,6.7,52.0,1.3,2.7
877507710,Dost Tam Yağlı Süt,Turkish Branded,off_turkey,59.2,3.0,4.7,3.1,0.0
877507710,Hot Scauce,Turkish Branded,off_turkey,28.0,1.0,5.0,0.2,
877507710,Harras Sütlü Kakao Kremalı Gofret,Turkish Branded,off_turkey,517.0,6.9,60.0,28.7,2.2
877507710,Harras Fındıklı Gofret,Turkish Branded,off_turkey,520.0,7.3,59.4,29.1,2.2
877507710,Hindi Fume,Turkish Branded,off_turkey,83.0,17.0,1.0,1.0,
877507710,Harras Crunchies,Turkish Branded,off_turkey,515.0,6.0,66.0,25.0,1.0
877507711,EKŞİ MAYALI ZEYTİNLİ KEKİKLİ BAGET,Turkish Branded,off_turkey,247.0,6.3,48.0,2.9,2.7
877507711,Boşnak Mantısı,Turkish Branded,off_turkey,243.0,7.1,27.5,11.1,
877507711,Özbek Mantısı,Turkish Branded,off_turkey,259.0,14.0,31.0,9.8,
877507711,Mozzarella Cheese,Turkish Branded,off_turkey,290.0,25.0,2.5,20.0,0.0
877507712,Antep Fistikli Beyaz Cikolatali Granola,Turkish Branded,off_turkey,490.0,10.8,65.8,18.5,8.4
877507712,Yer Fıstığı Ezmesi Parçacıklı,Turkish Branded,off_turkey,612.0,26.6,16.6,47.5,6.0
877507712,Patlayan Mısır,Turkish Branded,off_turkey,346.0,10.3,48.1,8.2,19.1
877507712,Bütün Antep Fıstıklı - Sütlü,Turkish Branded,off_turkey,537.0,9.0,45.0,40.0,0.0
877507712,Bal & Hardal Aromalı Mısır Cipsi,Turkish Branded,off_turkey,502.0,5.0,65.5,26.0,7.1
877507712,Dost Yarım Yağlı Pastörize Çikolatalı Süt 1L,Turkish Branded,off_turkey,66.0,3.0,10.0,1.5,
877507712,Limonlu Dondurma,Turkish Branded,off_turkey,150.0,4.0,25.0,4.0,
877507712,Ballı Fıstık Ezmesi,Turkish Branded,off_turkey,560.0,20.7,29.7,38.7,
877507712,Bütün Fındıklı Sütlü Çikolata,Turkish Branded,off_turkey,557.0,7.8,47.1,37.5,
877507712,Harras Bütün Fındıklı Sütlü Çikolata,Turkish Branded,off_turkey,553.0,7.9,48.3,36.6,
877507713,Antep Fıstıklı Soğuk Baklava,Turkish Branded,off_turkey,500.0,9.1,41.5,32.0,
877507713,Chipotle Sos,Turkish Branded,off_turkey,420.0,1.1,9.2,43.0,0.0
877507713,Çiğ Badem,Turkish Branded,off_turkey,621.0,21.0,7.5,54.0,10.0
877507713,Ketçap %50 Azaltılmış,Turkish Branded,off_turkey,55.0,1.2,11.0,0.4,1.8
877507713,Karışık sebze,Turkish Branded,off_turkey,30.0,2.1,4.9,0.3,0.0
877507713,Hellim Cheese,Turkish Branded,off_turkey,323.0,23.0,1.6,25.0,
877507713,Yarim Yagli Yogurt,Turkish Branded,off_turkey,48.0,4.0,4.6,1.5,0.0
877507713,Az Yağlı Beyaz Peynir,Turkish Branded,off_turkey,155.0,18.0,5.8,6.6,
877507714,Nohut Cipsi,Turkish Branded,off_turkey,420.0,15.0,66.0,12.0,3.7
877507714,Vegan Çilekli ve Elmalı Meyve Pestili,Turkish Branded,off_turkey,321.0,0.0,79.0,10.0,0.0
877507714,Organik %100 Karışık Meyve Ve Sebze Suyu,Turkish Branded,off_turkey,35.0,0.2,9.0,0.0,
877507714,Organik %100 Kırmızı Meyve Suyu,Turkish Branded,off_turkey,45.0,0.3,11.0,0.0,0.6
877507714,Hazelnut Cream Wafer,Turkish Branded,off_turkey,496.0,7.8,64.0,23.0,3.1
877507714,Limonata Sekersiz,Turkish Branded,off_turkey,4.0,0.0,0.5,0.0,0.0
877507714,Suzme Peynir Form,Turkish Branded,off_turkey,157.0,13.0,2.9,10.0,
877507714,Bademli Icecek,Turkish Branded,off_turkey,28.0,0.5,3.5,1.3,
877507714,Zeyti̇nyağli ton baliği,Turkish Branded,off_turkey,212.0,24.0,0.1,12.0,
877507714,Mini Kornet Çilekli,Turkish Branded,off_turkey,489.0,7.7,67.0,19.0,0.0
877507715,Kakaolu Gofret,Turkish Branded,off_turkey,520.0,3.4,63.0,27.0,3.1
877507715,Şeftali Aromalı Soğuk Çay,Turkish Branded,off_turkey,1.0,0.0,0.1,0.0,
877507715,Bergamot Aromalı Soğuk Çay,Turkish Branded,off_turkey,1.0,0.0,0.1,0.0,
877507715,Tropical Hüüp,Turkish Branded,off_turkey,49.0,0.2,12.0,0.0,0.0
877507715,Hüüp Festival,Turkish Branded,off_turkey,46.0,0.3,11.0,0.0,
877507715,Süzme Çiçek Balı,Turkish Branded,off_turkey,330.0,0.0,83.0,0.0,
877507715,Sarımsaklı Fesleğenli Tam Yağlı Sürülebilir Taze Peynir,Turkish Branded,off_turkey,231.0,4.5,4.9,21.0,0.0
877507715,Harras Nacho Cips,Turkish Branded,off_turkey,522.0,6.1,68.0,24.0,5.0
877507715,Bitter Çikolata Kaplı Pirinç Patlağı,Turkish Branded,off_turkey,433.0,6.3,64.0,20.0,4.6
877507715,Fit Kurabiye Yer Fıstığı Kakao,Turkish Branded,off_turkey,476.0,12.0,49.0,24.0,9.2
877507715,Glutensiz Hindistan Cevizli & Kakao Nib'li Kurabiye,Turkish Branded,off_turkey,505.0,10.0,41.0,31.0,12.0
877507715,Organik %100 Meyve Suyu - Portakal Suyu,Turkish Branded,off_turkey,57.0,0.2,14.0,0.0,0.0
877507715,Pomegranate,Turkish Branded,off_turkey,57.0,0.4,14.0,0.0,
877507715,Zerdeçallı Karışık Meyveli İçecek,Turkish Branded,off_turkey,65.0,0.3,15.0,0.0,2.0
877507715,Laktozsuz Kefir,Turkish Branded,off_turkey,49.0,2.7,4.4,2.3,0.0
877507716,Antep Fıstığı Ezmesi,Turkish Branded,off_turkey,474.0,13.0,42.0,27.0,
877507716,Harras Dubai Çikolatası,Turkish Branded,off_turkey,545.0,7.7,52.0,31.0,
877507716,Pirinç Patlağı Tahıllı,Turkish Branded,off_turkey,362.0,11.0,69.0,3.3,7.0
877507716,Konserve Hindi Fleto,Turkish Branded,off_turkey,135.0,27.0,0.0,2.0,0.0
877507716,Konserve Hindi Tandır,Turkish Branded,off_turkey,158.0,24.0,0.0,6.5,0.0
877507717,Güllaç,Turkish Branded,off_turkey,347.0,1.3,83.0,0.5,0.6
877507717,Dondurulmuş Soğan Halkası,Turkish Branded,off_turkey,245.0,4.6,30.5,11.6,
877507770,Taze Peynir,Turkish Branded,off_turkey,241.0,7.5,7.5,22.0,0.0
877552320,Freshly Squeezed Pomegranate Juice,Turkish Branded,off_turkey,54.0,0.2,13.0,0.3,0.1
877552322,Sıkma Portakal Havuç Suyu,Turkish Branded,off_turkey,41.0,0.8,9.3,0.0,0.5
877552322,Portakal et nar,Turkish Branded,off_turkey,47.0,0.6,10.5,0.2,0.2
877587606,Bahçeden Deniz Tuzlu Yer Fıstığı,Turkish Branded,off_turkey,569.0,28.0,21.0,43.0,8.7
877587607,Findik,Turkish Branded,off_turkey,643.0,8.0,,55.5,10.8
877587620,Klasik Çiğ Karışık,Turkish Branded,off_turkey,481.0,12.5,39.8,28.6,7.1
877587620,Peyman Çitliyo Klasik,Turkish Branded,off_turkey,633.0,29.8,8.1,54.4,10.0
877587620,patlamış mısır,Turkish Branded,off_turkey,478.0,7.9,57.0,22.0,9.9
877587620,bahçeden yer fıstıklı,Turkish Branded,off_turkey,443.0,14.0,51.0,19.0,5.4
877587620,Çifte kavrulmuş leblebi,Turkish Branded,off_turkey,377.0,24.0,63.0,6.9,17.0
877587620,Çiğ badem büyük,Turkish Branded,off_turkey,598.0,26.0,14.0,51.0,9.4
877587620,Crunch İsli Barbekü Aromalı,Turkish Branded,off_turkey,425.0,9.1,53.0,17.0,13.0
877602701,Soya Sosu Doğal Fermente,Turkish Branded,off_turkey,54.0,7.8,5.7,0.0,0.0
877623601,"Sebze Mix (Havuç,Fasulye,Karnabahar,Brokoli,Biber)",Turkish Branded,off_turkey,31.0,2.0,7.0,0.2,3.0
877623643,Peanut Butter,Turkish Branded,off_turkey,595.0,19.0,28.0,43.5,6.0
877623643,Kakaolu Granola,Turkish Branded,off_turkey,454.0,10.0,65.3,15.7,6.0
877623643,Ballı Keten Tohumlu Granola,Turkish Branded,off_turkey,461.0,10.3,61.8,17.8,6.0
877623691,Yarim Yağlı Homojenize Yoğurt,Turkish Branded,off_turkey,48.0,4.0,4.6,1.5,0.0
877636280,ketchup,Turkish Branded,off_turkey,102.0,1.2,23.2,0.1,
877636280,HEINZ EST 1869 TOMATO KETCHUP GROWN NOT MADE TETT:,Turkish Branded,off_turkey,102.0,1.2,23.2,0.1,0.0
877636800,"Hindistan Cevizli, Ananaslı, Yulaflı Probiyotikli Laktozsuz Homojenize Yoğurt",Turkish Branded,off_turkey,85.0,4.8,10.1,2.1,3.0
877636800,Activia Mix & Go Çilekli Çiyalı Yulaflı Granola & Yoğurt,Turkish Branded,off_turkey,106.0,4.5,15.0,2.8,0.0
877636800,Orman Meyveli Yogurt,Turkish Branded,off_turkey,58.0,3.7,11.0,0.0,
877636800,Strawberry Yoğurt,Turkish Branded,off_turkey,94.0,3.1,16.0,2.1,0.0
877636800,Dany Yoğurt 2*90 Gr Mix Top Vanilya,Turkish Branded,off_turkey,77.0,3.1,14.7,0.7,
877636801,Activia,Turkish Branded,off_turkey,62.0,3.7,4.0,3.5,
877636801,Activia Pineapple,Turkish Branded,off_turkey,66.0,3.4,9.8,1.4,
877636801,Yaban Mersinli Probiyotik Yoğurt,Turkish Branded,off_turkey,61.0,3.3,8.8,1.4,3.0
877636801,Orman meyveli yoğurt,Turkish Branded,off_turkey,91.0,2.8,15.0,2.2,0.0
877636804,shot x2 probiyotik elma & yulaf,Turkish Branded,off_turkey,45.0,3.4,7.6,0.1,0.0
877636820,Muzlu Probiyotik Bowl,Turkish Branded,off_turkey,66.7,4.7,11.5,1.1,3.0
877636820,iyi hisset probiyotikli bowl,Turkish Branded,off_turkey,75.0,4.6,10.5,1.0,3.0
877636823,Salep,Turkish Branded,off_turkey,82.0,3.2,11.7,2.5,
877636827,Danone sade süt,Turkish Branded,off_turkey,43.9,3.0,4.7,1.5,
877636890,Danone Triple Zero Proteinli Kakaolu Süt,Turkish Branded,off_turkey,56.0,6.1,5.8,1.0,0.0
877636894,Gurme Meyveli Yoğurt,Turkish Branded,off_turkey,129.0,2.9,17.0,5.5,0.0
877636894,bitkisel yağlı kremsos,Turkish Branded,off_turkey,192.0,1.2,0.9,20.0,
877636894,Danone mix ktırlı,Turkish Branded,off_turkey,65.0,0.8,13.0,0.1,0.0
877681301,Tost ve Kahvaltı Peyniri,Turkish Branded,off_turkey,225.0,27.0,1.7,12.0,0.0
877740165,Boza,Turkish Branded,off_turkey,85.0,0.7,21.7,0.0,6.0
877740387,Ekici lor peyniri 500,Turkish Branded,off_turkey,104.0,15.0,5.1,2.5,
877740387,White cheese,Turkish Branded,off_turkey,225.0,15.0,4.0,18.0,
877741287,Aivar,Turkish Branded,off_turkey,89.0,2.1,10.1,4.2,1.2
877741287,Gaufrette à la Crème Vanille,Turkish Branded,off_turkey,505.0,3.2,68.8,25.1,
877742092,Beef Salami,Turkish Branded,off_turkey,240.0,20.0,4.0,16.0,
877742396,Antep Bulguru Pilavlik,Turkish Branded,off_turkey,352.0,11.6,66.6,2.5,8.1
877742504,Cikolata Kaplamalı Pismaniye,Turkish Branded,off_turkey,470.0,4.6,77.2,15.6,1.3
877742615,Göynük yoğurt,Turkish Branded,off_turkey,74.0,4.0,5.5,4.0,0.0
877742645,Sheep yogurt,Turkish Branded,off_turkey,83.0,4.0,7.0,7.0,1.0
877743113,Egg White Protein,Turkish Branded,off_turkey,346.0,79.5,5.4,0.9,
877743113,10  Bio Organic Yumurta,Turkish Branded,off_turkey,130.0,12.8,1.2,8.2,
877743652,Çekme Helva,Turkish Branded,off_turkey,458.0,5.7,75.0,17.0,
877743875,Hamburger köfte,Turkish Branded,off_turkey,223.0,17.0,1.4,17.0,0.7
877743875,Kuzu Dana Kebap,Turkish Branded,off_turkey,264.0,15.0,0.4,22.0,
877744704,Sıcak çikolatalı İçecek Tozu,Turkish Branded,off_turkey,406.0,7.3,73.9,7.7,7.0
877744889,Niğde Gazozu Gazoz,Turkish Branded,off_turkey,63.6,0.0,3.8,0.0,0.0
877747172,Beef,Turkish Branded,off_turkey,199.0,10.0,6.0,15.0,4.0
877747172,Namet hindi salam 60,Turkish Branded,off_turkey,248.0,10.0,7.0,20.0,
877747172,Dilimli Dana Antrikot Pastırma,Turkish Branded,off_turkey,197.0,35.0,3.0,5.0,
877747172,Dana döner,Turkish Branded,off_turkey,361.0,17.9,3.8,30.5,
877747172,Hindi Füme,Turkish Branded,off_turkey,92.2,17.0,2.0,1.8,
877747172,Pratik Hindi Füme,Turkish Branded,off_turkey,92.2,17.0,2.0,1.8,
877747172,Namet Gurme Sucuk,Turkish Branded,off_turkey,440.0,16.0,4.0,40.0,5.0
877752010,Limon Aromalı Gazoz,Turkish Branded,off_turkey,40.0,0.0,10.1,0.0,0.0
877752010,ÇAMLICA 200 ML GAZOZ,Turkish Branded,off_turkey,40.0,0.0,10.1,0.0,
877758192,Antep Fıstıklı Helva,Turkish Branded,off_turkey,560.0,16.0,45.0,33.0,
877769502,pervari bal,Turkish Branded,off_turkey,320.0,0.3,83.1,0.0,0.0
877794041,Organik yarım yağlı yoğurt,Turkish Branded,off_turkey,45.5,3.0,5.1,1.5,
877831352,Royal Gourmet Şeftali Kavun Karadut Dondurma,Turkish Branded,off_turkey,134.0,1.2,27.0,2.3,
877831358,Anteo Fıstığı Aromalı Vanilya Kakao,Turkish Branded,off_turkey,164.0,2.6,24.0,6.4,
877852930,Seyidoğlu Cevizli Yaz Helvası,Turkish Branded,off_turkey,412.8,12.4,53.0,16.8,0.0
877866674,Yağsız Taze Lor Peyniri,Turkish Branded,off_turkey,81.0,15.0,3.0,1.0,
877868674,Dulce De Leche Süt Karameli,Turkish Branded,off_turkey,329.0,6.5,59.7,7.2,0.0
877882399,Dürümü Lavaş,Turkish Branded,off_turkey,248.0,8.9,50.7,1.1,3.1
877899551,Linser Lentils,Turkish Branded,off_turkey,116.0,9.0,20.0,0.4,8.0
877903200,Gurme Susamlı Hamburger Ekmeği,Turkish Branded,off_turkey,305.9,7.7,50.0,7.2,4.8
877903200,Tam Buğday Unlu Tost Ekmeği,Turkish Branded,off_turkey,234.0,11.0,40.0,2.0,6.0
877907329,ARDEI IUTI JALAPENO COPTI,Turkish Branded,off_turkey,32.0,1.8,6.9,0.4,0.0
877911800,Kekspır Kakaolu Kek,Turkish Branded,off_turkey,434.0,6.0,48.4,24.1,4.2
877911800,Sade galeta,Turkish Branded,off_turkey,398.0,1.0,74.1,6.0,3.0
877911800,Ceviz İçi,Turkish Branded,off_turkey,651.0,15.0,16.0,64.0,6.1
877911801,tam buğdaylı unlu köy ekmeği,Turkish Branded,off_turkey,243.0,7.3,50.1,1.2,3.3
877911801,Findux,Turkish Branded,off_turkey,598.0,11.6,37.0,43.8,4.7
877911802,Kekspır Kakaolu Fındıklı Kek,Turkish Branded,off_turkey,460.0,6.0,48.5,25.2,2.7
877911802,Kekspır Kakao Kaplamalı Sütlü Kremalı Kek,Turkish Branded,off_turkey,458.0,4.7,54.8,24.0,2.3
877911803,Tırtıklı Sade Patates Cipsi,Turkish Branded,off_turkey,530.0,4.4,52.0,34.0,4.9
877911803,Samba,Turkish Branded,off_turkey,535.0,5.2,52.0,35.0,4.0
877911803,Süt Mısırı Aromalı Mısır Çerezi,Turkish Branded,off_turkey,486.0,6.1,60.0,25.0,2.8
877911804,%3.1 Yağlı UHT İçme Sütü,Turkish Branded,off_turkey,58.0,2.9,4.7,3.1,
877911804,Birşah Kefir,Turkish Branded,off_turkey,52.0,2.7,3.2,3.2,
877911804,Tam Kıvamında Yoğurt,Turkish Branded,off_turkey,74.0,4.0,5.5,4.0,0.0
877911804,Xroll Karao,Turkish Branded,off_turkey,478.0,5.5,72.8,19.1,3.5
877911804,Çokça Mayonez,Turkish Branded,off_turkey,618.0,0.9,4.8,66.3,
877911804,Ketcap,Turkish Branded,off_turkey,97.0,1.1,23.0,0.1,
877911804,Tırtıklı Maxi Pesto Sos Çeşnili Patates Cipsi,Turkish Branded,off_turkey,539.0,5.9,51.0,34.0,4.8
877911804,Tırtıklı Maxi Barbekü Sos Aromalı Patates Cipsi,Turkish Branded,off_turkey,534.0,5.7,52.0,34.0,3.1
877911804,Barbekü Sos Aromalı Mısır Cipsi,Turkish Branded,off_turkey,507.0,7.0,64.0,25.0,3.5
877911804,Bütün antep fıstıklı beyaz çikolata,Turkish Branded,off_turkey,597.0,10.7,42.9,42.0,2.1
877911805,Közlenmiş Patlıcan,Turkish Branded,off_turkey,20.0,0.8,2.8,0.2,4.9
877911805,Xroll 4 Kat,Turkish Branded,off_turkey,557.0,5.5,58.0,33.0,3.0
877911806,Az Yağlı Mayonez,Turkish Branded,off_turkey,300.0,0.6,5.4,30.0,
877911806,Kepekli Ekmek,Turkish Branded,off_turkey,235.0,8.6,45.4,1.3,3.6
877911806,Çokça Acı Sos,Turkish Branded,off_turkey,60.0,1.0,13.0,0.2,
877911806,Çokça Ranch Sos,Turkish Branded,off_turkey,410.0,0.7,4.9,43.0,
877911806,Çokça Barbekü Sos,Turkish Branded,off_turkey,121.0,0.8,28.0,0.4,
877911806,Acı Kırmızı Biber Aromalı Mısır Cipsi,Turkish Branded,off_turkey,480.0,6.8,58.0,24.0,3.1
877911806,Bitter Çikolatalı Gofret,Turkish Branded,off_turkey,534.0,6.0,58.3,30.7,1.1
877911807,Çokça Burger Sos,Turkish Branded,off_turkey,370.0,0.6,16.7,33.0,
877911807,Çokça Hardal,Turkish Branded,off_turkey,103.0,5.5,3.4,5.9,
877911807,Samba Trüf Mantarı Aromalı Patates Cips,Turkish Branded,off_turkey,540.0,6.0,51.0,34.0,4.6
877911807,Samba Ekşi Krema & Soğan Aromalı Patates Cips,Turkish Branded,off_turkey,539.0,5.5,51.0,34.0,4.2
877911807,Samba Peynir Aromalı Mısır Çerezi,Turkish Branded,off_turkey,497.0,6.9,57.0,26.0,3.2
877911807,Samba Yer Fıstıklı Mısır Çerezi,Turkish Branded,off_turkey,485.0,12.0,54.0,24.0,4.4
877911807,Samba Biftek ve Soğan Aromalı Mısır Çerezi,Turkish Branded,off_turkey,496.0,6.6,57.0,26.0,3.1
877911807,Antep Fıstıklı & Beyaz Çikolatalı Granola,Turkish Branded,off_turkey,461.0,8.3,58.4,19.6,8.9
877911807,Turna Yemişi & Bademli Granola,Turkish Branded,off_turkey,450.0,8.7,58.0,18.2,9.5
877911807,Sütlü Çikolatalı & Fındıklı Çıtır Müsli,Turkish Branded,off_turkey,460.0,7.4,60.3,19.0,8.9
877911807,Kuru Meyveli Çıtır Müsli,Turkish Branded,off_turkey,411.0,6.7,62.0,13.0,9.4
877911807,Sütlü Çikolata,Turkish Branded,off_turkey,568.0,7.6,52.6,34.9,2.4
877911807,Antep Fıstıklı Sütlü Çikolata,Turkish Branded,off_turkey,568.0,5.6,50.8,37.3,3.5
877911807,Vince Bütün Fındıklı Sütlü Çikolata,Turkish Branded,off_turkey,578.0,8.2,47.2,38.9,2.9
877911807,Kekspır Çilekli Kek,Turkish Branded,off_turkey,421.0,6.2,52.7,20.3,1.6
877911807,Samba Karabiberli Patates Cips,Turkish Branded,off_turkey,542.0,5.6,52.0,34.0,4.2
877911807,Bitter Çikolatalı Dolgulu ve Bisküvili Sütlü Çikolata,Turkish Branded,off_turkey,498.0,8.0,47.9,27.6,13.3
877911807,Vince Şekersiz Sütlü Çikolata,Turkish Branded,off_turkey,481.0,7.9,55.2,32.7,1.7
877911807,%85 Kakao Bitter Çikolata,Turkish Branded,off_turkey,614.0,11.1,32.3,47.4,6.6
877911807,Samba Kaşkaval Peyniri Aromalı Patates Cipsi,Turkish Branded,off_turkey,540.0,5.9,51.0,34.0,4.2
877911807,Birşah Orman Meyveli Yoğurt,Turkish Branded,off_turkey,90.0,3.0,14.6,2.2,
877911807,Dana Füme Kuru Et,Turkish Branded,off_turkey,210.0,29.0,1.0,10.0,
877911808,Samba Acı Baharat Çeşnili Tırtıklı Cips,Turkish Branded,off_turkey,539.0,5.1,58.0,33.0,3.9
877911808,Tırtıklı Ketçap Aromalı Patates Cipsi,Turkish Branded,off_turkey,541.0,5.5,52.0,34.0,4.3
877914105,Starz,Turkish Branded,off_turkey,480.0,3.8,63.3,22.0,1.7
877914105,amada mood,Turkish Branded,off_turkey,527.0,5.7,59.0,29.0,
877914105,Ozmo cool,Turkish Branded,off_turkey,453.3,6.7,43.3,27.0,4.7
877914105,Luppo Sufle,Turkish Branded,off_turkey,327.0,5.8,50.0,10.0,4.9
877914115,Biscolata pia çikolatalı,Turkish Branded,off_turkey,450.0,5.4,58.0,21.0,
877927001,Pop çik,Turkish Branded,off_turkey,509.0,7.0,60.4,28.6,1.0
877927001,TAMBOL Antep fıstıklı sütlü çikolata,Turkish Branded,off_turkey,581.0,12.9,37.9,41.0,4.7
877927001,Tambol Fındıklı Sütlü Çikolata,Turkish Branded,off_turkey,588.0,11.2,39.4,42.6,3.8
877927001,Frutibon Cranberry,Turkish Branded,off_turkey,454.0,5.6,42.1,28.7,8.2
877927002,Tambol Bademli Krokanlı Dolgulu Sütlü Çikolata,Turkish Branded,off_turkey,593.0,9.8,53.8,32.5,1.5
877927002,Tambol Şeker İlavesiz Sütlü Çikolata,Turkish Branded,off_turkey,516.0,8.3,48.8,37.9,2.3
877927002,Tambol Fındık Kreması Dolgulu Sütlü Çikolata,Turkish Branded,off_turkey,581.0,9.9,43.8,40.1,2.7
877934326,Fındık Ezmesi %70 Fındık,Turkish Branded,off_turkey,566.0,13.3,39.3,42.0,5.1
877934326,Şekersiz Fistik Ezmesi,Turkish Branded,off_turkey,567.0,29.0,16.2,49.5,8.4
877934326,Şekersiz Fındık Ezmesi,Turkish Branded,off_turkey,626.0,17.0,16.6,60.9,9.7
877940971,Mısır,Turkish Branded,off_turkey,331.0,10.4,75.4,1.7,13.6
877941313,Patiswiss Milk choco,Turkish Branded,off_turkey,514.7,6.4,53.3,30.3,1.6
877943220,Sade yesil cay,Turkish Branded,off_turkey,1.0,0.1,0.2,0.0,
877984707,Tortilla burrito,Turkish Branded,off_turkey,283.0,8.0,51.0,5.2,7.0
877984707,Tortilla,Turkish Branded,off_turkey,283.0,8.0,51.0,5.2,7.0
877993661,Fıstık Kreması,Turkish Branded,off_turkey,565.0,12.0,44.0,38.0,3.1
95157260,Tomato Ketchup,Turkish Branded,off_turkey,102.0,1.2,23.2,0.1,
880127464,CHUNKIES APPLE CRUMBLE,Turkish Branded,off_turkey,254.0,4.5,33.0,11.0,0.5
893813500,Kırmızi Köri Ezmesi,Turkish Branded,off_turkey,104.0,3.7,13.0,2.7,7.0
98454752,Redbull,Turkish Branded,off_turkey,46.0,0.0,11.0,0.0,0.0
98456114,yaban mersinli redbill,Turkish Branded,off_turkey,46.0,0.0,11.0,0.0,0.0
98474996,the pink edition sugarfree,Turkish Branded,off_turkey,2.0,0.0,0.0,0.0,
98486654,Red bull apple flavor energy drink,Turkish Branded,off_turkey,45.0,0.0,11.0,0.0,
913515241,migros süt,Turkish Branded,off_turkey,58.0,2.9,4.7,31.0,0.0
949500700,Salt Reduced Spreadable Butter,Turkish Branded,off_turkey,736.1,0.9,0.9,82.4,1.4
